date,ibit_close,ibit_volume,fbtc_close,fbtc_volume,arkb_close,arkb_volume,bitb_close,bitb_volume,etf_total_dollar_vol
2024-01-11,26.6299991607666,37657300,40.880001068115234,16805200,15.58666706085205,17925000,25.540000915527344,4781900,2091331198.7903595
2024-01-12,24.969999313354492,22991900,38.349998474121094,11393000,14.619999885559082,10364400,23.959999084472656,3270000,1240905983.648491
2024-01-16,24.719999313354492,15078200,38.099998474121094,8479200,14.50333309173584,8599500,23.719999313354492,2224500,873277152.1033287
2024-01-17,24.40999984741211,13964500,37.400001525878906,7913000,14.286666870117188,3750900,23.399999618530273,1956000,736177912.960434
2024-01-18,23.34000015258789,17823200,35.7599983215332,10271800,13.649999618530273,8620800,22.34000015258789,2856900,964810104.6260834
2024-01-19,23.799999237060547,18284100,36.4900016784668,13819400,13.90999984741211,6289800,22.729999542236328,4606200,1131621536.1774445
2024-01-22,22.950000762939453,17222100,35.18000030517578,11640300,13.401666641235352,9714900,21.969999313354492,2280000,985040415.3791428
2024-01-23,22.31999969482422,13431700,34.34000015258789,10426500,13.073332786560059,8473500,21.389999389648438,2329200,818440023.4372139
2024-01-24,22.600000381469727,11929100,34.599998474121094,7558400,13.199999809265137,7111200,21.600000381469727,1671000,661079732.2984695
2024-01-25,22.760000228881836,8954900,34.810001373291016,6420800,13.289999961853027,3729000,21.729999542236328,1260100,504261965.14816284
2024-01-26,23.989999771118164,20273800,36.75,9170600,14.006667137145996,7229700,22.90999984741211,2831900,989530837.3290062
2024-01-29,24.670000076293945,19012900,37.81999969482422,8468300,14.403332710266113,7533000,23.56999969482422,2239700,950609381.4891815
2024-01-30,24.8799991607666,15541300,38.130001068115234,7622200,14.536666870117188,6047700,23.780000686645508,1684500,805272836.485672
2024-01-31,24.299999237060547,13369300,37.2400016784668,6036500,14.183333396911621,4866300,23.219999313354492,1264400,648052972.3732948
2024-02-01,24.540000915527344,12411400,37.65999984741211,4569500,14.353333473205566,5284200,23.450000762939453,1315200,583350462.4082565
2024-02-02,24.5,10329000,37.58000183105469,4967400,14.316666603088379,6437700,23.40999984741211,1732200,572452607.4219704
2024-02-05,24.190000534057617,6807500,37.06999969482422,3112800,14.126667022705078,3540600,23.1200008392334,1001200,353229545.78647614
2024-02-06,24.600000381469727,7352900,37.72999954223633,3485900,14.373332977294922,4214100,23.520000457763672,880900,393693779.1120529
2024-02-07,25.219999313354492,13952200,38.65999984741211,5326400,14.723333358764648,5939700,24.100000381469727,1912700,691341351.4877319
2024-02-08,26.030000686645508,18568500,39.880001068115234,6192800,15.199999809265137,6432000,24.850000381469727,1988300,877482592.8962708
2024-02-09,27.149999618530273,20742800,41.63999938964844,9931400,15.866666793823242,7257900,25.950000762939453,2059000,1145300234.5193863
2024-02-12,28.65999984741211,35138600,44.02000045776367,10984400,16.770000457763672,6404100,27.399999618530273,3209900,1685953582.373619
2024-02-13,28.219999313354492,20913600,43.290000915527344,7508000,16.489999771118164,9443700,26.989999771118164,3684900,1170385165.5086517
2024-02-14,29.549999237060547,28134500,45.31999969482422,10127000,17.273332595825195,11683500,28.260000228881836,3330800,1586271480.590248
2024-02-15,29.520000457763672,22844700,45.31999969482422,8284400,17.280000686645508,10072500,28.229999542236328,4990700,1364764825.5609512
2024-02-16,29.6200008392334,15976500,45.43000030517578,5304600,17.323333740234375,5675700,28.34000015258789,1714700,861128566.5979385
2024-02-20,29.670000076293945,21166400,45.52000045776367,7629400,17.360000610351562,8202900,28.3700008392334,6324300,1297120126.421547
2024-02-21,29.079999923706055,17664400,44.619998931884766,7042400,17.00666618347168,11431800,27.81999969482422,1189000,1055407417.243576
2024-02-22,29.719999313354492,15468400,45.560001373291016,5628000,17.3700008392334,3781500,28.420000076293945,1096300,812974029.3647766
2024-02-23,29.15999984741211,13285800,44.75,5043800,17.046667098999023,4056300,27.899999618530273,1534700,725088501.140976
2024-02-26,31.1200008392334,42806400,47.720001220703125,12383100,18.176666259765625,15595500,29.770000457763672,2829800,2290774096.990204
2024-02-27,32.59000015258789,42006400,49.93000030517578,11636500,19.046667098999023,10775700,31.149999618530273,2914500,2246026875.507736
2024-02-28,34.45000076293945,96833400,52.84000015258789,27106800,20.166667938232422,21924600,32.970001220703125,7881400,5470229915.513611
2024-02-29,35.41999816894531,53837500,54.33000183105469,18719000,20.760000228881836,9501300,33.83000183105469,4537600,3274681462.1793747
2024-03-01,35.9900016784668,35133600,55.189998626708984,14617100,21.059999465942383,5721900,34.43000030517578,3244600,2303390841.831398
2024-03-04,38.650001525878906,63439000,59.27000045776367,18891300,22.59666633605957,12509700,36.95000076293945,5043500,4040639652.1600723
2024-03-05,35.31999969482422,107143600,54.18000030517578,37918500,20.68000030517578,25505400,33.810001373291016,9046600,6672053499.081421
2024-03-06,38.290000915527344,45934300,58.630001068115234,19354800,22.366666793823242,8527200,36.599998474121094,3430000,3209859369.5777893
2024-03-07,38.630001068115234,41450800,59.25,19018400,22.593332290649414,10567500,36.959999084472656,4037600,3116069379.5591354
2024-03-08,39.54999923706055,89934000,60.72999954223633,27919100,23.1299991607666,11887200,37.849998474121094,8237900,5839171990.05928
2024-03-11,41.119998931884766,74430400,63.09000015258789,22552500,24.066667556762695,14723700,39.36000061035156,5633800,5059511961.4851
2024-03-12,40.72999954223633,98022800,62.5,26079300,23.799999237060547,22278300,38.9900016784668,5712200,6375367059.719467
2024-03-13,41.95000076293945,59347000,64.4000015258789,16266200,24.536666870117188,11204100,40.15999984741211,2932800,3929842516.9303894
2024-03-14,39.5099983215332,99521100,60.630001068115234,20022200,23.139999389648438,17618700,37.83000183105469,4377600,5719325824.605179
2024-03-15,39.38999938964844,68768300,60.47999954223633,19669000,23.049999237060547,9571200,37.709999084472656,4133500,4274854839.9368286
2024-03-18,38.13999938964844,53201600,58.529998779296875,10788900,22.286666870117188,9556200,36.5,2714500,2972638391.30249
2024-03-19,36.70000076293945,69685200,56.349998474121094,17171600,21.469999313354492,14887500,35.13999938964844,4167200,3991136547.197914
2024-03-20,37.54999923706055,71309300,57.59000015258789,18122400,21.97333335876465,16595400,35.939998626708984,3981800,4229095322.314453
2024-03-21,37.150001525878906,47085900,57.04999923706055,12246800,21.739999771118164,10282200,35.54999923706055,2585900,2763384956.1775208
2024-03-22,36.40999984741211,39957400,55.90999984741211,9250700,21.333332061767578,8810700,34.84000015258789,2784100,2257015196.7128754
2024-03-25,40.54999923706055,64562000,62.20000076293945,20329900,23.709999084472656,12596100,38.79999923706055,3225100,4306296243.260956
2024-03-26,39.630001068115234,44351400,60.79999923706055,9752400,23.176666259765625,7525800,37.90999984741211,2234800,2609736164.528656
2024-03-27,39.130001068115234,46746900,60.040000915527344,9846300,22.899999618530273,8552700,37.459999084472656,1917300,2688056990.927696
2024-03-28,40.470001220703125,44620800,62.060001373291016,10605800,23.65999984741211,9526800,38.709999084472656,3192800,2812997164.65683
2024-04-01,39.75,34652000,61.029998779296875,9116300,23.260000228881836,5875800,38.06999969482422,1897700,2142701325.637436
2024-04-02,37.599998474121094,34073400,57.65999984741211,11730500,21.989999771118164,5929500,35.970001220703125,1991000,2159546392.2914505
2024-04-03,37.540000915527344,29387400,57.59000015258789,8566200,21.956666946411133,3618900,35.91999816894531,2289300,1758221116.0326004
2024-04-04,39.08000183105469,44185500,59.93000030517578,9555500,22.84666633605957,5534100,37.380001068115234,2678000,2525969917.852974
2024-04-05,38.40999984741211,28670500,58.939998626708984,7150300,22.476667404174805,5460000,36.72999954223633,2755300,1746597344.5713043
2024-04-08,40.95000076293945,40056700,62.83000183105469,7785200,23.93000030517578,6236400,39.18000030517578,2465700,2375309206.471634
2024-04-09,39.33000183105469,35513700,60.310001373291016,8102600,22.99333381652832,7454700,37.63999938964844,2097700,2135787535.4764938
2024-04-10,40.0,38908000,61.33000183105469,9814500,23.383333206176758,6188400,38.25,1853800,2373856572.1839905
2024-04-11,40.16999816894531,27725500,61.689998626708984,7879000,23.503332138061523,5789400,38.43000030517578,1959600,1811166403.0910492
2024-04-12,38.13999938964844,57221400,58.5099983215332,13398700,22.296667098999023,10749300,36.470001220703125,3374600,3329127305.352211
2024-04-15,36.08000183105469,46360300,55.36000061035156,10387300,21.10333251953125,8256000,34.5099983215332,2166900,2496729471.8723297
2024-04-16,35.75,35341700,54.88999938964844,7728000,20.906667709350586,4731000,34.220001220703125,2349500,1866965028.0841827
2024-04-17,34.7599983215332,52597900,53.29999923706055,9862700,20.350000381469727,8520600,33.2599983215332,2656600,2615737542.9828644
2024-04-18,36.209999084472656,35544200,55.59000015258789,8162300,21.18666648864746,7046100,34.68000030517578,2050600,1961195887.0752335
2024-04-19,36.66999816894531,34806700,56.31999969482422,5964300,21.47333335876465,5412900,35.11000061035156,2065100,1801009667.844963
2024-04-22,37.93000030517578,29881100,58.22999954223633,6580400,22.200000762939453,4821000,36.33000183105469,1568500,1680576632.6568604
2024-04-23,37.900001525878906,17572300,58.189998626708984,4001300,22.183332443237305,2796300,36.2599983215332,1675100,1021596214.0176773
2024-04-24,36.40999984741211,32178000,55.900001525878906,8738500,21.303333282470703,8093700,34.86000061035156,2906200,1933816060.7860565
2024-04-25,36.86000061035156,25317100,56.61000061035156,5595300,21.586666107177734,3738600,35.290000915527344,2188800,1407884921.7796326
2024-04-26,36.31999969482422,20226000,55.75,5531400,21.239999771118164,2640000,34.75,1198000,1140687963.2232666
2024-04-29,35.869998931884766,21694900,55.08000183105469,4100300,20.989999771118164,3861900,34.34000015258789,1250900,1128057757.6421738
2024-04-30,33.56999969482422,41584300,51.68000030517578,9484200,19.69333267211914,7215000,32.189998626708984,3482300,2140311024.6509552
2024-05-01,32.38999938964844,45405600,49.720001220703125,10785800,18.956666946411133,7567800,31.020000457763672,3745300,2266596817.2843933
2024-05-02,33.79999923706055,23146300,51.93000030517578,6578200,19.793333053588867,5177100,32.36000061035156,2708500,1314069976.553154
2024-05-03,35.400001525878906,26368300,54.380001068115234,6741600,20.713333129882812,4213500,33.88999938964844,1872400,1450777339.4355774
2024-05-06,36.0099983215332,27166600,55.290000915527344,5373100,21.079999923706055,3187500,34.4900016784668,1583100,1397141545.7349777
2024-05-07,35.93000030517578,14753300,55.15999984741211,3769500,21.016666412353516,3126900,34.36000061035156,1736000,863377668.1915283
2024-05-08,35.380001068115234,14277700,54.36000061035156,3043900,20.713333129882812,1900200,33.88999938964844,1177300,749869619.0029144
2024-05-09,35.58000183105469,16930100,54.65999984741211,4555800,20.833332061767578,3366000,34.040000915527344,1416600,969739077.3216248
2024-05-10,34.58000183105469,28986000,53.04999923706055,7052500,20.213333129882812,5576100,33.06999969482422,1892000,1551751058.9824677
2024-05-13,36.0,17204900,55.2599983215332,4618300,21.06333351135254,3586200,34.439998626708984,1707900,1008941050.5413055
2024-05-14,35.06999969482422,13742700,53.86000061035156,3528300,20.523332595825195,2188800,33.56999969482422,1070000,752832095.0187683
2024-05-15,37.66999816894531,40518600,57.849998474121094,11333900,22.020000457763672,6952800,36.060001373291016,4324100,2491029396.6350555
2024-05-16,37.150001525878906,22092100,57.02000045776367,4932600,21.739999771118164,3244200,35.529998779296875,1307900,1218976995.6287384
2024-05-17,38.279998779296875,25516900,58.790000915527344,5365900,22.3799991607666,3312900,36.619998931884766,1577100,1424144266.2992477
2024-05-20,39.970001220703125,32788600,61.41999816894531,8622500,23.399999618530273,5621700,38.2599983215332,1503600,2029229827.5686264
2024-05-21,39.470001220703125,29875200,60.599998474121094,7238800,23.10333251953125,4255800,37.75,1982500,1791007986.9598389
2024-05-22,39.709999084472656,20566800,61.09000015258789,6111100,23.21666717529297,2849700,37.9640007019043,1178800,1300947209.5798492
2024-05-23,38.27000045776367,23933800,58.720001220703125,5591900,22.376667022705078,4687200,36.630001068115234,1361700,1399065897.9053497
2024-05-24,39.459999084472656,19910900,60.56999969482422,6803800,23.079999923706055,3838800,37.720001220703125,1515000,1343535565.2511597
2024-05-28,38.97999954223633,19703200,59.83000183105469,4708700,22.796667098999023,3891900,37.310001373291016,1846500,1207367522.8208542
2024-05-29,38.31999969482422,14675500,58.790000915527344,3746800,22.406667709350586,2794800,36.650001525878906,900800,878276007.2402954
2024-05-30,39.15999984741211,25868100,60.150001525878906,6969200,22.916667938232422,3943500,37.470001220703125,1546500,1580511419.5892334
2024-05-31,38.54999923706055,23144700,59.11000061035156,4651900,22.516666412353516,5303400,36.849998474121094,2201500,1367742139.473343
2024-06-03,39.439998626708984,27654000,60.54999923706055,4311400,23.086666107177734,4742700,37.7599983215332,2221500,1545105956.351471
2024-06-04,40.16999816894531,40569500,61.66999816894531,7650400,23.496667861938477,5390100,38.45000076293945,3637900,2368003541.924858
2024-06-05,40.66999816894531,30997600,62.380001068115234,5593200,23.773332595825195,3614400,38.88999938964844,1440800,1751535201.6708374
2024-06-06,40.15999984741211,20193000,61.650001525878906,3955400,23.489999771118164,3377400,38.43000030517578,1070300,1175268047.5078583
2024-06-07,39.41999816894531,35710300,60.4900016784668,6075900,23.05666732788086,6935100,37.720001220703125,2597700,2033116702.5672913
2024-06-10,39.59000015258789,15645900,60.790000915527344,2887600,23.15333366394043,2227500,37.869998931884766,1824400,915622466.8188095
2024-06-11,38.43000030517578,29402900,58.95000076293945,4744400,22.446666717529297,5383500,36.7400016784668,2175700,1610412691.518402
2024-06-12,38.45000076293945,27518600,59.0,5504700,22.5,6848100,36.779998779296875,2293400,1621300990.195465
2024-06-13,37.900001525878906,24858500,58.130001068115234,5583700,22.170000076293945,5592000,36.27000045776367,1796400,1455847744.1440582
2024-06-14,37.29999923706055,22309000,57.25,6901500,21.80666732788086,6059400,35.689998626708984,1569100,1415373054.831314
2024-06-17,37.97999954223633,17785600,58.310001373291016,3539700,22.22333335876465,3430200,36.36000061035156,1309200,1005729982.6057434
2024-06-18,36.63999938964844,25778200,56.279998779296875,4849100,21.446666717529297,3980400,35.09000015258789,1567600,1357793970.7885742
2024-06-20,37.040000915527344,15271100,56.88999938964844,3626900,21.670000076293945,3860700,35.470001220703125,1833200,920660872.2997665
2024-06-21,36.58000183105469,20912400,56.13999938964844,4533500,21.40333366394043,2457600,35.02000045776367,992800,1106855006.791687
2024-06-24,33.76499938964844,46597000,51.810001373291016,8900400,19.746667861938477,10519800,32.31999969482422,3621600,2359258520.2510834
2024-06-25,35.29999923706055,31208500,54.16999816894531,6855400,20.636667251586914,10480800,33.79999923706055,3537400,1808869931.0688019
2024-06-26,34.709999084472656,13026600,53.31999969482422,3507700,20.303333282470703,3252900,33.22999954223633,1126600,742665467.3221588
2024-06-27,34.97999954223633,14788800,53.709999084472656,3400100,20.456666946411133,2868900,33.47999954223633,890300,788426960.512352
2024-06-28,34.13999938964844,18313100,52.459999084472656,5284600,19.99333381652832,3005400,32.689998626708984,1844000,1022807656.9042206
2024-07-01,36.0,18509900,55.279998779296875,4329200,21.05666732788086,6264000,34.439998626708984,1886100,1102530816.2670135
2024-07-02,35.220001220703125,13772200,54.11000061035156,3339900,20.606666564941406,3498000,33.709999084472656,1055000,773425060.5285645
2024-07-03,34.439998626708984,12793300,52.869998931884766,2880900,20.136667251586914,2784900,32.95000076293945,1288700,691455684.9660873
2024-07-05,32.20000076293945,47018300,49.43000030517578,10715800,18.85333251953125,9312600,30.81999969482422,3515400,2327589464.4908905
2024-07-08,32.15999984741211,28999100,49.400001525878906,8256400,18.81333351135254,7342200,30.790000915527344,2792500,1564589559.0370178
2024-07-09,32.959999084472656,17924500,50.599998474121094,4677400,19.28333282470703,3965100,31.559999465942383,1624000,955181718.5684204
2024-07-10,32.66999816894531,17248800,50.150001525878906,4630000,19.133333206176758,3787500,31.260000228881836,1781600,923873087.4074936
2024-07-11,32.70000076293945,21952200,50.189998626708984,4370700,19.123332977294922,4792500,31.260000228881836,1296900,1069392051.3364792
2024-07-12,32.849998474121094,16921000,50.43000030517578,4216100,19.206666946411133,5105100,31.420000076293945,2135700,933628398.0583191
2024-07-15,36.150001525878906,34245900,55.529998779296875,7482600,21.15333366394043,7960500,34.58000183105469,2681400,1914612035.662651
2024-07-16,37.16999816894531,27810500,57.06999969482422,4528300,21.74333381652832,4902300,35.540000915527344,2070300,1472317122.9597092
2024-07-17,36.84000015258789,32704100,56.540000915527344,4151200,21.530000686645508,3445500,35.2400016784668,1644600,1571665224.9170303
2024-07-18,36.220001220703125,22725800,55.599998474121094,4665400,21.18666648864746,3770400,34.65999984741211,1224000,1204830783.7646484
2024-07-19,38.400001525878906,46756100,58.880001068115234,10452800,22.433332443237305,9190800,36.650001525878906,3029800,2728117632.951355
2024-07-22,38.93000030517578,24116200,59.72999954223633,5046800,22.770000457763672,4378500,37.209999084472656,1627700,1400554197.5635529
2024-07-23,37.34000015258789,35482200,57.310001373291016,6683100,21.836666107177734,4169100,35.72999954223633,2089300,1873603756.3030243
2024-07-24,37.41999816894531,23403000,57.40999984741211,3546500,21.873332977294922,3900300,35.779998779296875,1180000,1206877740.777588
2024-07-25,36.83000183105469,21928800,56.540000915527344,4786300,21.540000915527344,4383000,35.25,2055000,1245103724.547577
2024-07-26,38.790000915527344,28993200,59.52000045776367,7147800,22.68000030517578,4295700,37.11000061035156,2324000,1733753432.5454712
2024-07-29,38.34000015258789,38158700,58.849998474121094,6512800,22.42333221435547,8012700,36.66999816894531,2766700,2127409151.8527985
2024-07-30,37.54999923706055,19556000,57.630001068115234,4340200,21.946666717529297,4154400,35.91999816894531,1232000,1119882185.6712341
2024-07-31,37.18000030517578,20533000,57.060001373291016,3993700,21.72333335876465,3778500,35.54999923706055,1691100,1133497692.556572
2024-08-01,36.06999969482422,37068100,55.349998474121094,9590300,21.066667556762695,10461600,34.5099983215332,4225600,2234085944.2733765
2024-08-02,35.61000061035156,35706100,54.68000030517578,6370900,20.82666778564453,6218100,34.060001373291016,3632500,1873080314.6839142
2024-08-05,30.479999542236328,97633000,46.79999923706055,18377400,17.81333351135254,17231400,29.149999618530273,7534100,4362483788.479805
2024-08-06,32.34000015258789,39663800,49.68000030517578,7384900,18.90333366394043,6945900,30.93000030517578,2904700,1870752169.4887161
2024-08-07,31.190000534057617,24351500,47.880001068115234,5751800,18.226667404174805,7175700,29.829999923706055,2378100,1236647308.2593918
2024-08-08,33.880001068115234,32889400,52.0099983215332,7452100,19.793333053588867,6178200,32.38999938964844,2273700,1697808927.5054932
2024-08-09,34.599998474121094,18872700,53.099998474121094,3282500,20.239999771118164,3142800,33.06999969482422,1323300,934667938.0706787
2024-08-12,33.63999938964844,20819200,51.65999984741211,3605100,19.65999984741211,4372500,32.15999984741211,1055000,1006489489.9147034
2024-08-13,34.63999938964844,20186000,53.2400016784668,3252700,20.273332595825195,2668200,33.18000030517578,821800,953777411.4219666
2024-08-14,33.560001373291016,19032500,51.52000045776367,3359500,19.6200008392334,5080800,32.099998474121094,1570800,961920145.5421448
2024-08-15,32.5,29136100,49.880001068115234,4819800,19.00666618347168,5583600,31.09000015258789,2400500,1368092045.8164215
2024-08-16,34.029998779296875,22686500,52.2400016784668,5886300,19.899999618530273,3912000,32.529998779296875,1662300,1211445304.6649933
2024-08-19,33.619998931884766,13480200,51.599998474121094,2618800,19.643333435058594,2076300,32.15999984741211,1088500,664125998.6507416
2024-08-20,33.91999816894531,21676600,52.08000183105469,4137000,19.833332061767578,3636000,32.43000030517578,1790300,1080898624.8069763
2024-08-21,35.130001068115234,22993900,53.880001068115234,4821500,20.549999237060547,3797700,33.58000183105469,1280000,1188583291.1563873
2024-08-22,34.349998474121094,15825100,52.7400016784668,2352800,20.079999923706055,2445900,32.86000061035156,778100,742360875.0902176
2024-08-23,36.279998779296875,51673300,55.72999954223633,9297100,21.219999313354492,8664900,34.709999084472656,3232600,2688907354.757118
2024-08-26,36.09000015258789,19479700,55.40999984741211,2957900,21.09666633605957,3279600,34.5,1625000,992170741.4367676
2024-08-27,35.380001068115234,19488600,54.33000183105469,4509900,20.69333267211914,2546100,33.86000061035156,1157800,1026419967.0970917
2024-08-28,33.52000045776367,36007400,51.470001220703125,9601900,19.610000610351562,5318700,32.08000183105469,4237100,1941403755.2085876
2024-08-29,33.689998626708984,22692500,51.790000915527344,7487700,19.739999771118164,7066800,32.2599983215332,3412900,1401897062.3458862
2024-08-30,33.369998931884766,22832300,51.22999954223633,7086200,19.543333053588867,5624700,31.950000762939453,2403300,1311650671.6287613
2024-09-03,32.97999954223633,23729700,50.70000076293945,7607900,19.316667556762695,2491500,31.610000610351562,2288400,1288789833.5561752
2024-09-04,33.040000915527344,19751900,50.7599983215332,6758800,19.333332061767578,5095200,31.639999389648438,1427900,1139365419.3885803
2024-09-05,31.850000381469727,20575400,48.9900016784668,6316000,18.663333892822266,3590700,30.520000457763672,2033300,1093818098.3898163
2024-09-06,30.40999984741211,40486800,46.7400016784668,11678600,17.816667556762695,5876400,29.139999389648438,2836300,1964409010.923767
2024-09-09,32.5099983215332,24533700,49.970001220703125,7473100,19.036666870117188,5656800,31.149999618530273,2556300,1358336723.1191635
2024-09-10,33.0,12648700,50.70000076293945,2142800,19.316667556762695,1578900,31.56999969482422,992400,587876215.7373428
2024-09-11,32.79999923706055,20530600,50.369998931884766,5104500,19.19333267211914,4677600,31.40999984741211,1926200,1080797998.4973907
2024-09-12,33.25,15834000,51.099998474121094,2368900,19.46666717529297,2158200,31.809999465942383,1847500,748313221.4963913
2024-09-13,34.040000915527344,33125000,52.310001373291016,4356000,19.90999984741211,5260200,32.56999969482422,3068400,1560105764.5698547
2024-09-16,32.97999954223633,20931200,50.66999816894531,2721000,19.299999237060547,2319300,31.56999969482422,1334000,915060899.2595673
2024-09-17,34.099998474121094,39849900,52.41999816894531,6627300,19.96666717529297,6385500,32.65999984741211,2791700,1924958657.880783
2024-09-18,34.150001525878906,28844900,52.47999954223633,4690500,20.003332138061523,2914200,32.72999954223633,2185700,1361042487.3828888
2024-09-19,36.0099983215332,25199400,55.33000183105469,4098600,21.06999969482422,2162100,34.470001220703125,1649000,1236602375.5615234
2024-09-20,35.79999923706055,15938400,54.94499969482422,2750300,20.92333221435547,2092200,34.22999954223633,1180500,805894250.6191254
2024-09-23,36.040000915527344,17294800,55.380001068115234,2207500,21.083332061767578,2321100,34.5099983215332,875600,824709436.7706299
2024-09-24,36.63999938964844,19764100,56.2599983215332,3010500,21.42333221435547,1906800,35.02000045776367,1177900,975627405.2894592
2024-09-25,35.970001220703125,13547100,55.25,2115800,21.046667098999023,1117200,34.43000030517578,962700,660846251.3137817
2024-09-26,36.84000015258789,41457100,56.61000061035156,6350700,21.56333351135254,5789700,35.27000045776367,3047100,2119109151.6275406
2024-09-27,37.38999938964844,28884500,57.43000030517578,4917900,21.886667251586914,5879400,35.79999923706055,2477500,1579801405.4199219
2024-09-30,36.130001068115234,23334200,55.529998779296875,3724000,21.156667709350586,2991600,34.59000015258789,1883800,1178311315.7844543
2024-10-01,35.130001068115234,43920500,53.97999954223633,8087700,20.56333351135254,5548200,33.63999938964844,3445100,2209483903.094864
2024-10-02,34.2400016784668,29353600,52.619998931884766,4410400,20.043333053588867,4041000,32.790000915527344,2161400,1389009973.406601
2024-10-03,34.720001220703125,18482500,53.349998474121094,3221000,20.323333740234375,2630400,33.2400016784668,1021400,900962602.431488
2024-10-04,35.52000045776367,22625700,54.560001373291016,2706900,20.793333053588867,2407500,34.0,1065200,1037630091.4011002
2024-10-07,36.060001373291016,21124100,55.41999816894531,3381500,21.123332977294922,2791800,34.529998779296875,1190900,1049231695.3701019
2024-10-08,35.400001525878906,25203200,54.400001525878906,2871100,20.726667404174805,3163800,33.90999984741211,1644200,1169711014.9204254
2024-10-09,34.68000030517578,18244000,53.279998779296875,2466500,20.303333282470703,1816800,33.22999954223633,1044800,835722841.986084
2024-10-10,33.95000076293945,25996500,52.150001525878906,3312900,19.873332977294922,2799300,32.5,2029000,1176922855.8921814
2024-10-11,35.939998626708984,33399400,55.22999954223633,6377400,21.02666664123535,5747100,34.40999984741211,3597300,1797223637.5185013
2024-10-14,37.56999969482422,44553100,57.68000030517578,5664800,21.959999084472656,7416000,35.95000076293945,3548100,2291015170.0496674
2024-10-15,38.16999816894531,53539000,58.619998931884766,6520700,22.32666778564453,7316400,36.52000045776367,2952900,2697017700.540924
2024-10-16,38.58000183105469,26627500,59.2400016784668,3518800,22.573333740234375,2829300,36.90999984741211,2230500,1381937204.4734955
2024-10-17,38.04999923706055,19655500,58.40999984741211,2713600,22.26333236694336,2756400,36.38999938964844,2116400,1044775579.6344757
2024-10-18,39.06999969482422,39820500,60.029998779296875,3849500,22.8700008392334,3651900,37.380001068115234,1836500,1939039731.1750412
2024-10-21,38.56999969482422,28773400,59.23500061035156,4624900,22.559999465942383,3329100,36.91999816894531,1474500,1513289015.0640488
2024-10-22,38.40999984741211,23972900,58.97999954223633,2834800,22.459999084472656,2722200,36.7400016784668,1532400,1205436576.1241913
2024-10-23,37.810001373291016,25771200,58.06999969482422,3542500,22.100000381469727,3300300,36.15999984741211,2281800,1335568600.2210617
2024-10-24,38.869998931884766,27015500,59.720001220703125,2645000,22.729999542236328,2117700,37.189998626708984,1665200,1318115965.1168823
2024-10-25,38.0099983215332,51745600,58.38999938964844,5173000,22.22333335876465,7313400,36.369998931884766,2973800,2539586864.999008
2024-10-28,39.66999816894531,54652300,60.93000030517578,5209700,23.196666717529297,3508800,37.970001220703125,2895500,2676818266.231537
2024-10-29,41.33000183105469,81566300,63.45000076293945,8740100,24.163333892822266,5822400,39.52000045776367,3333700,4198131100.804138
2024-10-30,40.880001068115234,32004700,62.790000915527344,4740500,23.90999984741211,2624700,39.130001068115234,2010300,1747427787.2714996
2024-10-31,39.779998779296875,48039800,61.06999969482422,7299500,23.286666870117188,6186600,38.08000183105469,3796300,2645432052.3399353
2024-11-01,39.369998931884766,49930200,60.470001220703125,8111600,23.02666664123535,5354400,37.66999816894531,3164800,2698772376.639557
2024-11-04,38.25,36048900,58.77000045776367,5364500,22.3799991607666,5609100,36.599998474121094,3407700,1944395560.5485916
2024-11-05,39.5099983215332,36660400,60.65999984741211,6392300,23.113332748413086,5027700,37.79999923706055,2730900,2055644180.4670334
2024-11-06,43.400001525878906,97138100,66.69999694824219,12645900,25.363332748413086,9414600,41.540000915527344,5515400,5527170533.171463
2024-11-07,43.599998474121094,40670200,66.9800033569336,6930700,25.483333587646484,4266000,41.70000076293945,1937600,2426948789.7712708
2024-11-08,43.689998626708984,44183700,67.18000030517578,5398900,25.586666107177734,4056000,41.83000183105469,3180200,2529891185.5243683
2024-11-11,49.56999969482422,96319200,76.1449966430664,14144000,28.976667404174805,8872500,47.40999984741211,6305100,6407557818.706703
2024-11-12,51.04999923706055,77294900,78.37999725341797,8996400,29.85333251953125,6288900,48.83000183105469,4151000,5041480353.802109
2024-11-13,51.040000915527344,103319300,78.4800033569336,14747600,29.856666564941406,9077700,48.880001068115234,4236600,6908923738.700104
2024-11-14,49.72999954223633,60782800,76.4000015258789,7743500,29.093332290649414,12705000,47.66999816894531,2567500,4106355535.0429535
2024-11-15,52.130001068115234,46939400,80.05999755859375,6503000,30.5,4411800,49.849998474121094,1993400,3201512023.2185364
2024-11-18,52.130001068115234,61022200,80.12000274658203,9503400,30.503332138061523,5103900,49.91999816894531,2368200,4216406281.8437576
2024-11-19,52.70000076293945,80884000,80.94999694824219,7250000,30.81333351135254,5679000,50.470001220703125,2496100,5150441430.642319
2024-11-20,53.720001220703125,70154500,82.54000091552734,7032100,31.433332443237305,5060700,51.43000030517578,1842000,4602938092.133522
2024-11-21,55.900001525878906,93957600,85.87999725341797,8725100,32.70333480834961,7065000,53.5099983215332,2942900,6390065181.885147
2024-11-22,56.4900016784668,66020400,86.7300033569336,7209100,32.99333190917969,7611600,54.099998474121094,2704500,4752183265.046692
2024-11-25,54.02000045776367,69396700,82.97000122070312,8003200,31.566667556762695,7823700,51.70000076293945,5702300,4954612330.851173
2024-11-26,51.70000076293945,67423300,79.44999694824219,7689800,30.253332138061523,5245500,49.529998779296875,3042200,4406113263.989067
2024-11-27,55.029998779296875,61783500,84.51000213623047,5477500,32.206668853759766,5867100,52.68000030517578,2570200,4187207349.8981476
2024-11-29,55.209999084472656,30337300,84.91000366210938,3451600,32.323333740234375,3602400,52.93000030517578,1560300,2167025930.807495
2024-12-02,54.47999954223633,52619400,83.69999694824219,4494500,31.8799991607666,5318400,52.150001525878906,1953000,3514294064.7132874
2024-12-03,54.459999084472656,39000400,83.63999938964844,4438500,31.82666778564453,3896700,52.130001068115234,1202000,2681877123.2292175
2024-12-04,56.41999816894531,58655300,86.63999938964844,8311600,32.956668853759766,4839300,53.95000076293945,1770100,4284433041.4604187
2024-12-05,56.400001525878906,89447600,86.61000061035156,8759000,32.98666763305664,7179900,53.959999084472656,2227800,6160514832.731247
2024-12-06,57.79999923706055,50017000,88.91999816894531,4790900,33.82500076293945,7067700,55.33000183105469,1892700,3660777433.425522
2024-12-09,54.72999954223633,55677600,84.0199966430664,6073500,32.026668548583984,5122800,52.400001525878906,1640600,3807564132.268524
2024-12-10,54.900001525878906,48810000,84.27999877929688,5821800,32.12333297729492,3764400,52.5,1416500,3365621696.031189
2024-12-11,57.720001220703125,48872600,88.62000274658203,4728700,33.83333206176758,4695000,55.220001220703125,2147600,3517421907.298279
2024-12-12,56.91999816894531,38811300,87.44000244140625,3776900,33.34000015258789,3289500,54.5099983215332,1281700,2718928665.5059814
2024-12-13,57.90999984741211,37881700,88.94000244140625,3951200,33.849998474121094,3510600,55.400001525878906,1749100,2760882926.17836
2024-12-16,60.220001220703125,63994100,92.45999908447266,5811700,35.233333587646484,5529600,57.650001525878906,2285900,4717682936.691284
2024-12-17,60.72999954223633,49617700,93.33000183105469,4882700,35.5099983215332,4930500,58.13999938964844,2020600,3761545027.7183533
2024-12-18,57.18000030517578,69862700,87.86000061035156,8076500,33.439998626708984,4363800,54.779998779296875,2467000,4985418225.2456665
2024-12-19,54.720001220703125,79563900,84.12999725341797,11145900,32.05666732788086,4015800,52.40999984741211,2744400,5564008409.747314
2024-12-20,54.810001373291016,55327900,84.19999694824219,4735000,32.099998474121094,3374400,52.5099983215332,1727800,3630254270.482254
2024-12-23,52.869998931884766,44528500,81.16000366210938,5901400,30.956666946411133,3275100,50.63999938964844,1747500,3023058971.899605
2024-12-24,56.22999954223633,27692700,86.41999816894531,2869600,32.92333221435547,2685000,53.849998474121094,1304400,1963792420.0740814
2024-12-26,54.29999923706055,26500600,83.44999694824219,2717800,31.790000915527344,2776800,52.0,1534700,1833861836.0298157
2024-12-27,53.68000030517578,35983000,82.5199966430664,4702700,31.426666259765625,5169900,51.41999816894531,2289400,2599827904.898834
2024-12-30,53.54999923706055,39340000,82.31999969482422,5508000,31.366666793823242,4259700,51.33000183105469,2049500,2798888957.599449
2024-12-31,53.04999923706055,30143600,81.58000183105469,2487700,31.09000015258789,3244200,50.849998474121094,1288700,1968457099.0859985
2025-01-02,55.369998931884766,41029200,85.08000183105469,3868700,32.42333221435547,4601100,53.0,2102900,2861572457.1113586
2025-01-03,55.959999084472656,32839500,86.01000213623047,3296100,32.746665954589844,4065600,53.56999969482422,1744400,2347778310.548401
2025-01-06,58.16999816894531,47318400,89.33000183105469,4960200,34.026668548583984,3969000,55.65999984741211,2146400,3450126387.5816345
2025-01-07,54.790000915527344,57081800,84.19000244140625,5801800,32.063331604003906,6356100,52.45000076293945,3949000,4026888225.4455566
2025-01-08,53.34000015258789,47071000,82.0199966430664,4935900,31.25,2593800,51.11000061035156,1463400,3071460273.5061646
2025-01-10,53.84000015258789,43996100,82.69000244140625,4096600,31.530000686645508,2724600,51.59000015258789,1442400,2867817950.805664
2025-01-13,53.220001220703125,44866500,81.79000091552734,4134300,31.15333366394043,3115800,50.97999954223633,1494700,2899206947.8996277
2025-01-14,54.83000183105469,30772800,84.20999908447266,2429400,32.099998474121094,1803900,52.52000045776367,853800,1994599215.7608032
2025-01-15,56.63999938964844,42124700,87.01000213623047,3329000,33.133331298828125,3453600,54.220001220703125,1244400,2857499921.8933105
2025-01-16,57.09000015258789,35548000,87.70999908447266,3136100,33.41666793823242,2482200,54.68000030517578,861100,2434534454.9720764
2025-01-17,59.619998931884766,70766100,91.66000366210938,5391300,34.87333297729492,4290600,57.08000183105469,1806000,4965955389.936447
2025-01-21,60.41999816894531,63410700,92.80000305175781,5278500,35.36000061035156,4110900,57.81999969482422,2006700,4582508013.896942
2025-01-22,59.380001068115234,37667900,91.16999816894531,3240000,34.71666717529297,2114100,56.81999969482422,789800,2650381678.1352997
2025-01-23,58.790000915527344,118197600,90.27999877929688,9286100,34.383331298828125,6705900,56.22999954223633,4513500,8271551393.168259
2025-01-24,59.70000076293945,46082300,91.66999816894531,3500700,34.913333892822266,2737800,57.08000183105469,1582500,3257937336.1774445
2025-01-27,57.66999816894531,61243100,88.4800033569336,6814200,33.706668853759766,4692000,55.150001525878906,1694300,4386402241.582489
2025-01-28,57.58000183105469,30257000,88.38999938964844,3738800,33.66999816894531,2456400,55.06999969482422,925200,2206328392.340088
2025-01-29,59.34000015258789,38059400,91.08999633789062,3732500,34.709999084472656,2669700,56.779998779296875,808600,2737015804.7073364
2025-01-30,59.720001220703125,33479300,91.70999908447266,4218100,34.926666259765625,2206200,57.04999923706055,2094600,2582777923.510742
2025-01-31,57.709999084472656,41738300,88.63999938964844,3904000,33.776668548583984,3589800,55.2599983215332,1344000,2950288734.90448
2025-02-03,57.58000183105469,73864900,88.47000122070312,7359100,33.689998626708984,6078300,55.119998931884766,2397400,5241123267.3259735
2025-02-04,56.130001068115234,48597700,86.26000213623047,4467500,32.86000061035156,3863700,53.7599983215332,1632500,3327879894.0696716
2025-02-05,55.33000183105469,24705000,85.0199966430664,2979400,32.383331298828125,2396700,52.970001220703125,1074800,1754781560.6704712
2025-02-06,55.119998931884766,28324400,84.69000244140625,4750300,32.26333236694336,2328600,52.79999923706055,1134700,2098584371.2276459
2025-02-07,54.470001220703125,41477300,83.63999938964844,4424500,31.863332748413086,2880600,52.16999816894531,2283000,2840223381.06575
2025-02-10,55.380001068115234,21331800,85.06999969482422,2282500,32.40999984741211,1368300,52.9900016784668,797900,1462154706.2187195
2025-02-11,54.11000061035156,27542700,83.1500015258789,3763800,31.69333267211914,2116200,51.869998931884766,865700,1915268778.2299042
2025-02-12,55.15999984741211,34445200,84.72000122070312,2682900,32.266666412353516,1758300,52.81999969482422,973800,2235463113.274765
2025-02-13,54.7400016784668,24211200,84.08000183105469,2042300,32.02333450317383,1602900,52.41999816894531,861600,1593532989.674759
2025-02-14,55.33000183105469,27505400,85.0199966430664,3097000,32.380001068115234,2094900,53.0,976200,1904752226.2050629
2025-02-18,53.5099983215332,38190500,82.19000244140625,3698700,31.31999969482422,2773200,51.25,1472800,2509907376.0822296
2025-02-19,54.650001525878906,29062100,83.9800033569336,1974500,31.98666763305664,1639800,52.349998474121094,929900,1855194327.1392822
2025-02-20,56.040000915527344,25814900,86.05000305175781,1735400,32.77000045776367,1806300,53.650001525878906,1051200,1711587528.3611298
2025-02-21,53.91999816894531,48588600,82.80999755859375,6357500,31.553333282470703,5240700,51.630001068115234,2176300,3424085707.5683594
2025-02-24,53.40999984741211,38111600,82.05999755859375,4761100,31.26333236694336,3124800,51.150001525878906,1980400,2625225528.5629272
2025-02-25,50.029998779296875,103835200,76.87000274658203,14421300,29.286666870117188,7721400,47.91999816894531,4994300,6768901216.283417
2025-02-26,47.959999084472656,85749300,73.62000274658203,8547600,28.040000915527344,7695000,45.88999938964844,2746500,5083615375.339508
2025-02-27,47.349998474121094,43346500,72.75,3844400,27.696666717529297,3266100,45.36000061035156,2680000,2544161693.6603546
2025-02-28,47.900001525878906,59648300,73.5,5441700,28.020000457763672,6316500,45.84000015258789,2496100,3548528168.2884216
2025-03-03,48.900001525878906,92274100,75.12999725341797,6757800,28.613332748413086,6052500,46.790000915527344,2114800,5292050816.634178
2025-03-04,49.38999938964844,72360100,75.91000366210938,5323600,28.883333206176758,3994800,47.2599983215332,2149700,4194957748.21434
2025-03-05,51.439998626708984,49050700,79.02999877929688,3683700,30.09000015258789,3144000,49.25,1024700,2959360182.6221466
2025-03-06,50.63999938964844,50275000,77.7699966430664,4245400,29.6200008392334,2859600,48.470001220703125,1322600,3024898491.077423
2025-03-07,49.43000030517578,59351100,75.94999694824219,5701300,28.963333129882812,4320300,47.33000183105469,2024200,3587674286.540985
2025-03-10,44.90999984741211,85278800,68.9800033569336,7244400,26.350000381469727,5822100,42.9900016784668,2269500,4580567777.336693
2025-03-11,47.2400016784668,48562700,72.5199966430664,3411600,27.6299991607666,2946600,45.209999084472656,1104800,2672873812.574005
2025-03-12,47.150001525878906,32196200,72.41000366210938,2832300,27.579999923706055,2210400,45.119998931884766,812600,1820765075.4631042
2025-03-13,45.52000045776367,42870400,69.9800033569336,3599700,26.656667709350586,2799900,43.61000061035156,978200,2320662952.224922
2025-03-14,48.13999938964844,43770200,73.93000030517578,4442000,28.143333435058594,3358500,46.08000183105469,1447700,2596723866.632843
2025-03-17,48.060001373291016,28998300,73.83000183105469,2578900,28.1200008392334,2779500,45.9900016784668,939800,1705439475.455284
2025-03-18,46.810001373291016,33645500,71.88999938964844,2729500,27.376667022705078,4230900,44.79999923706055,1162100,1939059674.1588593
2025-03-19,48.61000061035156,40812800,74.66000366210938,3071400,28.42333221435547,2625000,46.54999923706055,1052100,2336807469.4179535
2025-03-20,47.849998474121094,30509100,73.48999786376953,1860100,28.0,1712700,45.810001373291016,566500,1670466099.251175
2025-03-21,47.70000076293945,18141500,73.27999877929688,1461000,27.90833282470703,1472400,45.68000030517578,399100,1031734759.4303131
2025-03-24,50.18000030517578,29833300,77.08999633789062,2469800,29.350000381469727,2660100,48.040000915527344,674100,1797889576.6916275
2025-03-25,50.13999938964844,21846300,77.0,1391900,29.32666778564453,1195800,48.0,591600,1266015398.0041504
2025-03-26,49.18000030517578,28741800,75.55999755859375,2423100,28.770000457763672,2145300,47.09000015258789,973400,1704168850.9860992
2025-03-27,49.439998626708984,33004000,75.95999908447266,2601600,28.946666717529297,1223700,47.380001068115234,511500,1888992154.902649
2025-03-28,47.560001373291016,37749400,73.12000274658203,2223700,27.856666564941406,2018700,45.58000183105469,533900,2038527881.7207336
2025-03-31,46.810001373291016,24010800,71.97000122070312,2424200,27.399999618530273,1467000,44.880001068115234,944900,1381018170.3826904
2025-04-01,48.29999923706055,30139700,74.19999694824219,3829200,28.26333236694336,2199900,46.27000045776367,1575100,1874930497.914505
2025-04-02,49.40999984741211,38654700,75.87999725341797,3347100,28.920000076293945,2528400,47.33000183105469,1361200,2301453586.5940094
2025-04-03,46.56999969482422,40676000,71.55000305175781,3596800,27.253332138061523,3152400,44.59000015258789,1073700,2285422045.959091
2025-04-04,47.709999084472656,68668800,73.38999938964844,7532900,27.92333221435547,4460100,45.689998626708984,1617600,4027476907.32193
2025-04-07,44.27000045776367,107582100,68.13999938964844,10407300,25.963333129882812,10671900,42.43000030517578,3135000,5881909177.680588
2025-04-08,43.59000015258789,50053300,67.0,4785800,25.51333236694336,3588900,41.75,1527200,2657797353.1692505
2025-04-09,46.83000183105469,85507900,71.88999938964844,8746700,27.35333251953125,6588300,44.77000045776367,2680300,4933344364.096451
2025-04-10,45.16999816894531,45745700,69.36000061035156,6510500,26.456666946411133,2561700,43.29999923706055,1586000,2654349311.717415
2025-04-11,47.66999816894531,54223500,73.23999786376953,7165700,27.8799991607666,3038100,45.650001525878906,1381600,3257422265.964699
2025-04-14,48.279998779296875,32514400,74.20999908447266,4136100,28.25,2700900,46.220001220703125,704100,1985579097.3823547
2025-04-15,47.7400016784668,24001700,73.37999725341797,2978600,27.94333267211914,1987800,45.7400016784668,625300,1448557837.840271
2025-04-16,47.959999084472656,27463000,73.66000366210938,2759300,28.049999237060547,2793600,45.91999816894531,1189000,1653334858.6532593
2025-04-17,48.2599983215332,23963600,74.16000366210938,2092900,28.23666763305664,2833800,46.22999954223633,793300,1428384094.8177338
2025-04-21,49.720001220703125,57126900,76.37999725341797,4163300,29.066667556762695,5426100,47.56999969482422,1606400,3392477472.639656
2025-04-22,52.08000183105469,83738100,79.88999938964844,5459700,30.43666648864746,5658600,49.79999923706055,2441800,5091086390.126419
2025-04-23,53.20000076293945,60960500,81.66000366210938,3985500,31.09666633605957,4652100,50.88999938964844,1286000,3778663931.781578
2025-04-24,53.2599983215332,28476600,81.76000213623047,2059100,31.139999389648438,4129500,50.959999084472656,1138400,1871621179.0390015
2025-04-25,54.27000045776367,48231000,83.30000305175781,2731300,31.729999542236328,3924600,51.93000030517578,1499300,3047399896.0746765
2025-04-28,53.880001068115234,34157200,82.7699966430664,2838100,31.516666412353516,1862700,51.59000015258789,889000,2179869104.618454
2025-04-29,54.220001220703125,31214000,83.23999786376953,1668200,31.700000762939453,1134900,51.880001068115234,544500,1895509073.9868164
2025-04-30,53.5099983215332,34189600,82.18000030517578,2579400,31.296667098999023,2201100,51.22999954223633,921000,2157530454.9310684
2025-05-01,54.95000076293945,52802600,84.33999633789062,3181900,32.11333465576172,1873200,52.59000015258789,1066000,3286079983.2725525
2025-05-02,55.189998626708984,43449000,84.69999694824219,2438500,32.2599983215332,1666500,52.810001373291016,895200,2705527993.3223724
2025-05-05,53.630001068115234,24957700,82.37000274658203,2183000,31.366666793823242,2343300,51.310001373291016,1319500,1659500250.7635117
2025-05-06,53.970001220703125,20578700,82.91999816894531,1462200,31.57666778564453,1836000,51.68000030517578,762000,1329233007.7301025
2025-05-07,54.68000030517578,29627400,83.95999908447266,2068800,31.989999771118164,2704800,52.380001068115234,859600,1925275087.4465942
2025-05-08,57.619998931884766,55449000,88.4800033569336,3232100,33.6966667175293,2523900,55.150001525878906,1117400,3627619168.4574127
2025-05-09,58.65999984741211,36503700,90.12000274658203,2135900,34.33333206176758,1521600,56.18000030517578,689800,2424788912.572098
2025-05-12,57.880001068115234,44350600,88.91000366210938,3575400,33.86333465576172,2963400,55.43000030517578,1222100,3052993211.756897
2025-05-13,59.619998931884766,38312000,91.56999969482422,2973000,34.86333465576172,2253600,57.06999969482422,936100,2688390245.865631
2025-05-14,58.7400016784668,38499400,90.22000122070312,1866300,34.336666107177734,1890300,56.209999084472656,920100,2546457828.998184
2025-05-15,58.66999816894531,33563800,90.11000061035156,2873600,34.29999923706055,2387400,56.130001068115234,933300,2362402130.472183
2025-05-16,59.20000076293945,37353600,90.87999725341797,2048000,34.61000061035156,1668900,56.63999938964844,835200,2502521740.3823853
2025-05-19,59.9900016784668,50625100,92.16000366210938,2712000,35.0966682434082,2365500,57.45000076293945,918000,3422698033.3343506
2025-05-20,60.90999984741211,49771100,93.51000213623047,2331800,35.630001068115234,2357700,58.310001373291016,1283400,3408444225.667572
2025-05-21,61.790000915527344,98801900,94.91000366210938,6716400,36.14666748046875,4269600,59.15999984741211,3301800,7092089339.022827
2025-05-22,63.22999954223633,66549500,97.05999755859375,5123100,36.996665954589844,4353000,60.5099983215332,1829300,4976910354.858398
2025-05-23,61.83000183105469,61971400,94.9800033569336,3889100,36.16666793823242,2251500,59.20000076293945,1626000,4378766960.631943
2025-05-27,62.5,49538600,95.9800033569336,3573800,36.56999969482422,2686800,59.900001525878906,1717300,3640298383.797455
2025-05-28,60.790000915527344,44241900,93.38999938964844,3870700,35.56666564941406,2016000,58.220001220703125,1276600,3196975863.6497498
2025-05-29,59.9900016784668,70159800,92.20999908447266,3567700,35.119998931884766,5100900,57.45000076293945,2467100,4858742632.928467
2025-05-30,59.459999084472656,45680000,91.37999725341797,2980900,34.776668548583984,2154900,56.93000030517578,1154100,3129170548.3989716
2025-06-02,59.36000061035156,30733500,91.19999694824219,2504900,34.75,1549800,56.86000061035156,898500,2157731711.6622925
2025-06-03,60.400001525878906,37381600,92.76000213623047,2702200,35.33000183105469,2316000,57.81999969482422,1388200,2670594782.6293945
2025-06-04,59.63999938964844,32365300,91.6500015258789,2110100,34.90999984741211,1633200,57.13999938964844,701300,2220744433.7882996
2025-06-05,57.869998931884766,57995000,88.95999908447266,3570200,33.87333297729492,7115100,55.439998626708984,2114200,4031998973.3493805
2025-06-06,59.2599983215332,34477600,91.05000305175781,3127900,34.66999816894531,2551200,56.7599983215332,957600,2470741296.3974
2025-06-09,61.77000045776367,43950300,94.86000061035156,2901800,36.116668701171875,2937900,59.13999938964844,1562700,3188600038.9133453
2025-06-10,62.290000915527344,32894300,95.66999816894531,1917400,36.413333892822266,1753800,59.599998474121094,1303300,2373962014.5973206
2025-06-11,61.84000015258789,30336900,94.98999786376953,1698100,36.143333435058594,2519400,59.209999084472656,735100,2171921200.584793
2025-06-12,60.70000076293945,36713600,93.2300033569336,2106500,35.5099983215332,2864700,58.11000061035156,1331100,2603980264.0857697
2025-06-13,59.7400016784668,42127800,91.79000091552734,2567100,34.96333312988281,2061900,57.220001220703125,1333300,2900731278.2684326
2025-06-16,61.79999923706055,42415200,94.93000030517578,2015000,36.150001525878906,1406600,59.15999984741211,1090500,2927905850.234604
2025-06-17,59.5,53900700,91.41999816894531,3039800,34.81999969482422,3484600,56.97999954223633,1213900,3675491952.814865
2025-06-18,58.970001220703125,40166400,90.62999725341797,2131300,34.52000045776367,1958300,56.52000045776367,1208900,2697699915.627289
2025-06-20,58.66999816894531,35261800,90.08000183105469,2561600,34.34000015258789,1929200,56.220001220703125,1328200,2440478808.039856
2025-06-23,58.66999816894531,63747200,90.11000061035156,3500300,34.31999969482422,2173900,56.20000076293945,1307800,4203566750.746155
2025-06-24,60.060001373291016,40387200,92.2300033569336,3008100,35.130001068115234,1221500,57.4900016784668,1029400,2805183864.5938873
2025-06-25,61.275001525878906,40812500,94.12999725341797,3389200,35.84000015258789,1901600,58.65999984741211,1163000,2956186310.5789185
2025-06-26,61.13999938964844,29434600,93.94999694824219,1529200,35.790000915527344,682100,58.529998779296875,1030000,2027998019.7349548
2025-06-27,60.720001220703125,35637900,93.27999877929688,2199900,35.529998779296875,1568800,58.13999938964844,1199900,2494641648.170471
2025-06-30,61.209999084472656,34174000,93.98999786376953,2385500,35.790000915527344,1458200,58.59000015258789,1296500,2444154563.149643
2025-07-01,59.84000015258789,35575500,91.94999694824219,2174100,35.02000045776367,1946700,57.31999969482422,1517100,2483880020.22171
2025-07-02,62.41999816894531,65900200,95.81999969482422,4476400,36.4900016784668,2313700,59.7400016784668,2362100,4767957784.815216
2025-07-03,62.189998626708984,32662400,95.44999694824219,1573500,36.33000183105469,1335000,59.47999954223633,1113100,2296172921.278
2025-07-07,61.400001525878906,37793400,94.33000183105469,2051200,35.91999816894531,1296700,58.779998779296875,1188400,2630436129.598999
2025-07-08,61.81999969482422,29471500,94.9800033569336,1810500,36.17499923706055,950900,59.18000030517578,1182600,2098274492.219162
2025-07-09,63.58000183105469,56974400,97.6500015258789,3157700,37.18000030517578,1411700,60.86000061035156,1627500,4082318523.565674
2025-07-10,64.5,84144900,99.04000091552734,3284800,37.720001220703125,2014400,61.7400016784668,1775000,5938244318.445587
2025-07-11,67.20999908447266,78031900,103.16000366210938,4991900,39.290000915527344,2710900,64.30999755859375,1982800,5993513476.481628
2025-07-14,68.18000030517578,68391600,104.72000122070312,5084400,39.869998931884766,1978200,65.25,1702100,5385310539.965057
2025-07-15,66.16000366210938,82079400,101.63999938964844,4722100,38.70000076293945,3485200,63.36000061035156,2719200,6217493402.020264
2025-07-16,67.83000183105469,58547500,104.13999938964844,4529200,39.650001525878906,2739900,64.91999816894531,1819600,4669713385.288239
2025-07-17,67.6500015258789,45310300,103.87999725341797,3296400,39.560001373291016,1321200,64.76000213623047,844500,3514628382.7026367
2025-07-18,66.68000030517578,51010400,102.47000122070312,4945700,39.02000045776367,2452600,63.869998931884766,1752900,4115817546.854782
2025-07-21,66.33000183105469,47080800,101.87999725341797,3607700,38.81999969482422,1970300,63.529998779296875,1835000,3683486609.4573975
2025-07-22,67.81999969482422,45383900,104.16000366210938,3780700,39.65999984741211,1998700,64.91999816894531,1754400,3664897896.47789
2025-07-23,67.29000091552734,34878700,103.37999725341797,3210300,39.369998931884766,1580300,64.43000030517578,1221700,2819799100.799942
2025-07-24,67.66000366210938,33249900,103.9000015258789,3250800,39.56999969482422,1205500,64.77999877929688,1465200,2730063769.568634
2025-07-25,66.36000061035156,53995700,101.97000122070312,3996700,38.83000183105469,1806400,63.56999969482422,1436000,4152127223.704529
2025-07-28,67.0999984741211,38748000,103.05999755859375,3456100,39.25,1557400,64.22000122070312,1426300,3108901336.178589
2025-07-29,66.70999908447266,38407300,102.5,3197100,39.04999923706055,1832800,63.90999984741211,1502300,3057436529.2095184
2025-07-30,66.37000274658203,40903100,101.97000122070312,2855300,38.84000015258789,1852900,63.560001373291016,2176400,3216192427.100754
2025-07-31,66.31999969482422,41463100,101.83999633789062,3251800,38.779998779296875,1865400,63.4900016784668,1699000,3261205802.0126343
2025-08-01,64.22000122070312,69829700,98.66000366210938,6280900,37.59000015258789,4704800,61.5099983215332,3277200,5482571035.4599
2025-08-04,65.19999694824219,29985200,100.12000274658203,2472900,38.130001068115234,1276000,62.41999816894531,997000,2313508322.821808
2025-08-05,64.55000305175781,31327700,99.1500015258789,2736500,37.790000915527344,1656000,61.849998474121094,1060300,2421686904.6783447
2025-08-06,65.51000213623047,26866700,100.62000274658203,2846200,38.31999969482422,1224300,62.720001220703125,1358600,2178548795.4956055
2025-08-07,66.83000183105469,41363900,102.6500015258789,2818400,39.099998474121094,1835300,63.97999954223633,1933500,3249123833.3545685
2025-08-08,66.12999725341797,29121400,101.5999984741211,2438600,38.709999084472656,1674500,63.36000061035156,1303800,2320988520.5574036
2025-08-11,67.63999938964844,43158500,103.87999725341797,3059300,39.54999923706055,1446700,64.76000213623047,1391000,3384339136.1232758
2025-08-12,67.94999694824219,33459300,104.41999816894531,2912000,39.75,2911500,65.08999633789062,1184200,2770442066.2216187
2025-08-13,69.83999633789062,54824600,107.2699966430664,5045300,40.84000015258789,3130800,66.87000274658203,1956500,4628852210.140991
2025-08-14,67.02999877929688,71199600,102.97000122070312,5801100,39.25,4132900,64.19000244140625,2391000,5685542996.005249
2025-08-15,66.44000244140625,39585100,102.02999877929688,2843900,38.880001068115234,2254100,63.630001068115234,1080700,3076601606.7337036
2025-08-18,66.05000305175781,33918500,101.47000122070312,2464000,38.65999984741211,1455000,63.2599983215332,985600,2608938465.6425476
2025-08-19,64.19000244140625,56556200,98.62000274658203,4626200,37.58000183105469,2792500,61.4900016784668,1733900,4298138141.806412
2025-08-20,64.9000015258789,40798800,99.68000030517578,3714500,37.9900016784668,1958400,62.150001525878906,1176400,3165616424.469757
2025-08-21,63.689998626708984,34187100,97.79000091552734,3282600,37.27000045776367,2258300,60.97999954223633,1167500,2653742800.5558014
2025-08-22,66.25,66739200,101.79000091552734,6612700,38.779998779296875,3781800,63.470001220703125,2680000,5411336541.709137
2025-08-25,62.880001068115234,55863400,96.62999725341797,4787900,36.81999969482422,2470400,60.27000045776367,1389500,4150050708.400345
2025-08-26,63.099998474121094,41469300,96.94000244140625,3917100,36.939998626708984,2699400,60.45000076293945,1477000,3185436933.705902
2025-08-27,63.650001525878906,33800800,97.80000305175781,2962000,37.25,2165000,60.970001220703125,986800,2581916027.819824
2025-08-28,63.58000183105469,30895800,97.66999816894531,2391800,37.20000076293945,1624000,60.900001525878906,1013400,2320090984.977722
2025-08-29,61.439998626708984,52647000,94.38999938964844,4689700,35.959999084472656,4235100,58.869998931884766,1846800,3938307693.988037
2025-09-02,62.970001220703125,46457400,96.66999816894531,4564200,36.83000183105469,2744100,60.2599983215332,1701000,3570211205.5229187
2025-09-03,63.77000045776367,34218100,97.93000030517578,2639800,37.29999923706055,1811000,61.04999923706055,1134400,2577409285.2222443
2025-09-04,62.349998474121094,32780400,95.79000091552734,2782800,36.4900016784668,1609700,59.720001220703125,1306800,2447202357.8258514
2025-09-05,63.41999816894531,47921800,97.36000061035156,3375800,37.099998474121094,1959900,60.709999084472656,1850700,3552936640.6280518
2025-09-08,63.70000076293945,37129800,97.80999755859375,2816400,37.25,2089200,60.97999954223633,1183700,2790645090.909958
2025-09-09,63.220001220703125,36145400,97.13999938964844,3237100,36.9900016784668,2128200,60.56999969482422,1152400,2748087113.367462
2025-09-10,64.52999877929688,45183000,99.11000061035156,4542400,37.7400016784668,2791600,61.810001373291016,1665600,3574161928.590393
2025-09-11,65.02999877929688,34658200,99.91000366210938,2256000,38.04999923706055,1733300,62.29999923706055,1191100,2619377264.7232056
2025-09-12,66.37999725341797,48551100,101.98999786376953,2708100,38.86000061035156,1324300,63.599998474121094,1034800,3616296575.0946045
2025-09-15,65.5,34018400,100.5999984741211,3180500,38.34000015258789,2205400,62.72999954223633,1206000,2708370910.9313965
2025-09-16,66.37000274658203,33920600,101.93000030517578,3050600,38.849998474121094,1664800,63.56999969482422,876200,2682635485.2890015
2025-09-17,65.66999816894531,46293700,100.88999938964844,4078800,38.439998626708984,2971500,62.90999984741211,1930600,3687295825.368881
2025-09-18,66.75,38481200,102.47000122070312,3321500,39.040000915527344,1397800,63.939998626708984,1538200,3061896828.2218933
2025-09-19,65.37000274658203,32989400,100.43000030517578,2975500,38.25,1765600,62.61000061035156,1484200,2615806597.4220276
2025-09-22,63.650001525878906,42504100,97.80999755859375,3165800,37.27000045776367,2017000,61.0,819500,3140196011.050415
2025-09-23,63.40999984741211,40145000,97.37000274658203,2942700,37.09000015258789,1190300,60.720001220703125,593800,2912328914.863205
2025-09-24,64.41999816894531,30977600,98.94999694824219,2983300,37.709999084472656,911500,61.709999084472656,606900,2362598923.7838745
2025-09-25,62.099998474121094,63817400,95.37999725341797,5975100,36.34000015258789,4553700,59.459999084472656,2459400,4844682844.654465
2025-09-26,61.939998626708984,48826000,95.20999908447266,4295800,36.279998779296875,1865800,59.369998931884766,1240500,3574625192.4121857
2025-09-29,64.97000122070312,51102300,99.80999755859375,4611900,38.02000045776367,3572100,62.2400016784668,2183200,4052123836.420822
2025-09-30,65.0,38099900,99.80999755859375,2944300,38.02000045776367,1850600,62.220001220703125,1257800,2918984206.1943054
2025-10-01,66.73999786376953,57783300,102.51000213623047,4965800,39.04999923706055,2812200,63.91999816894531,1706200,4584378195.899963
2025-10-02,68.7699966430664,62252200,105.54000091552734,5267600,40.20500183105469,2493300,65.80000305175781,1539100,5038542009.608459
2025-10-03,69.80999755859375,83244100,107.16999816894531,6688400,40.83000183105469,3650000,66.81999969482422,1953000,6807595199.607849
2025-10-06,71.29000091552734,68777400,109.44000244140625,6395300,41.70000076293945,2426100,68.2699966430664,1857900,5831049755.195236
2025-10-07,69.12999725341797,81680200,106.12000274658203,7840000,40.40999984741211,4280600,66.13999938964844,2662300,6827596388.913727
2025-10-08,70.05999755859375,54245600,107.6500015258789,4940000,41.0099983215332,1830600,67.12000274658203,1512800,4508849654.184723
2025-10-09,68.73999786376953,55757600,105.55999755859375,4763700,40.220001220703125,3367200,65.83000183105469,2178800,4614492661.358643
2025-10-10,66.19999694824219,104949200,101.7300033569336,9642800,38.7400016784668,6490400,63.400001525878906,4039500,8436141209.148407
2025-10-13,65.80999755859375,71877400,101.05000305175781,6961100,38.5099983215332,4750100,63.04999923706055,2724400,5788370455.71022
2025-10-14,63.90999984741211,75710400,98.20999908447266,8008200,37.43000030517578,3950300,61.25,3269500,5973253572.32132
2025-10-15,63.16999816894531,49569100,97.02999877929688,5542500,36.97999954223633,2983600,60.52000045776367,1657800,3879732307.863617
2025-10-16,61.43000030517578,89080600,94.37000274658203,10158600,35.95000076293945,5910100,58.86000061035156,4161900,6888325931.135941
2025-10-17,60.470001220703125,94055300,92.86000061035156,11178600,35.380001068115234,7346000,57.880001068115234,3966100,7215028268.719101
2025-10-20,62.93000030517578,51770200,96.69000244140625,6603700,36.849998474121094,3991100,60.290000915527344,2062100,4167806510.7192993
2025-10-21,63.4900016784668,82011100,97.55000305175781,8047400,37.18000030517578,6569600,60.84000015258789,3319200,6438106629.722977
2025-10-22,61.209999084472656,72451100,93.95999908447266,8689700,35.82500076293945,4166000,58.599998474121094,2530400,5548744358.030701
2025-10-23,62.560001373291016,41591300,96.13999938964844,3932300,36.630001068115234,3459600,59.939998626708984,1723900,3210058820.0447083
2025-10-24,62.83000183105469,39980900,96.4800033569336,2600400,36.7400016784668,3087900,60.15999984741211,1540400,2969006535.8844757
2025-10-27,65.27999877929688,49298000,100.2699966430664,3303000,38.18000030517578,2606300,62.52000045776367,1166000,3721772034.062958
2025-10-28,64.48999786376953,47609800,99.08999633789062,4197700,37.75,2660500,61.810001373291016,1785100,3697076886.37352
2025-10-29,62.75,76944400,96.41000366210938,6876700,36.72999954223633,6344700,60.119998931884766,4719300,6008008911.238098
2025-10-30,60.400001525878906,57355600,92.73999786376953,5909900,35.33000183105469,4770400,57.83000183105469,3815100,4401527921.613312
2025-10-31,62.29999923706055,47300700,95.69000244140625,4649100,36.47999954223633,4315100,59.66999816894531,2427600,3693975697.842407
2025-11-03,60.529998779296875,51820400,92.88999938964844,7004200,35.38999938964844,3558000,57.97999954223633,2569100,4062182917.11998
2025-11-04,57.18000030517578,105318000,87.80999755859375,13442700,33.45000076293945,8393800,54.77000045776367,4692600,7740273046.873474
2025-11-05,58.91999816894531,51487200,90.5199966430664,4054700,34.5,2786800,56.47999954223633,2577300,3642367662.932968
2025-11-06,57.2599983215332,54876200,87.94999694824219,7285300,33.5099983215332,4864600,54.849998474121094,2968100,4108766250.9651184
2025-11-07,58.880001068115234,64022300,90.44000244140625,6159600,34.4900016784668,3929500,56.38999938964844,2813900,4620911612.299347
2025-11-10,60.189998626708984,51036700,92.43000030517578,4311500,35.209999084472656,4065600,57.630001068115234,1694900,3711237710.3157043
2025-11-11,58.349998474121094,33993800,89.58999633789062,2778300,34.13999938964844,2051600,55.880001068115234,1477600,2385055977.281189
2025-11-12,57.59000015258789,41656400,88.5,5047600,33.72999954223633,4193600,55.20000076293945,3107400,3158683290.8073425
2025-11-13,55.59000015258789,78277800,85.43000030517578,8253600,32.54999923706055,7899800,53.25,4476700,5552090723.435974
2025-11-14,53.474998474121094,94217100,82.1500015258789,8834900,31.309999465942383,7608100,51.2400016784668,3288100,6170738183.672905
2025-11-17,52.099998474121094,92045900,80.0199966430664,10049000,30.489999771118164,15773100,49.91999816894531,6915500,6425855758.542442
2025-11-18,52.65999984741211,75629000,80.9000015258789,8225700,30.81999969482422,8617800,50.439998626708984,3223000,5076250979.955292
2025-11-19,50.72999954223633,94744600,77.93000030517578,9523600,29.700000762939453,6933000,48.619998931884766,4790300,5987382151.708603
2025-11-20,48.959999084472656,122462500,75.22000122070312,16389200,28.670000076293945,9105600,46.90999984741211,4099500,7681924628.957748
2025-11-21,47.970001220703125,168213500,73.72000122070312,14913700,28.059999465942383,12091000,45.95000076293945,7123600,9835242661.52153
2025-11-24,50.56999969482422,82759100,77.69000244140625,6322100,29.59000015258789,4317200,48.45000076293945,3076200,4953079467.184448
2025-11-25,49.560001373291016,65052800,76.08000183105469,5576800,29.010000228881836,6176700,47.47999954223633,4142500,4024171778.0653
2025-11-26,51.029998779296875,66507200,78.38999938964844,6861200,29.860000610351562,3700100,48.86000061035156,2084400,4144040572.1572876
2025-11-28,51.54999923706055,47334600,79.08000183105469,4241300,30.139999389648438,4495900,49.31999969482422,1589500,2989401168.423462
2025-12-01,48.5,89232100,74.5199966430664,7776800,28.389999389648438,8079800,46.470001220703125,3812000,5313813121.615601
2025-12-02,51.66999816894531,72757600,79.3499984741211,7807700,30.260000228881836,4850400,49.5,3172000,4682713146.973419
2025-12-03,52.7400016784668,57151700,81.05000305175781,5144400,30.889999389648438,5359500,50.52000045776367,2109000,3703236022.320938
2025-12-04,52.5099983215332,40571700,80.66000366210938,3995400,30.729999542236328,4217600,50.29999923706055,2222100,2694067351.9073486
2025-12-05,50.689998626708984,55578500,77.87000274658203,5557700,29.68000030517578,6034300,48.54999923706055,2344500,3542975701.992035
2025-12-08,51.52000045776367,43121800,79.13999938964844,3899500,30.149999618530273,3540300,49.369998931884766,1694300,2720629216.1993027
2025-12-09,52.849998474121094,55905900,81.18000030517578,6396800,30.920000076293945,3302700,50.599998474121094,2014900,3677992376.8239975
2025-12-10,52.4900016784668,56217000,80.66000366210938,4388100,30.719999313354492,2699200,50.290000915527344,2243800,3500534712.628937
2025-12-11,52.099998474121094,50372600,79.9800033569336,4902200,30.469999313354492,4306700,49.88999938964844,3200400,3307383455.6833267
2025-12-12,51.20000076293945,47356200,78.66999816894531,5558100,29.950000762939453,2174400,49.040000915527344,2336200,3041583724.750519
2025-12-15,48.65999984741211,73130500,74.73999786376953,6990700,28.479999542236328,7348100,46.61000061035156,3041700,4432062545.400238
2025-12-16,49.709999084472656,56074700,76.3499984741211,5976200,29.059999465942383,5891800,47.59000015258789,4157800,3612841554.0309906
2025-12-17,48.709999084472656,79012800,74.8499984741211,10939600,28.510000228881836,7001400,46.630001068115234,2439800,4980920251.177597
2025-12-18,47.959999084472656,71534600,73.75,5767100,28.09000015258789,6778300,45.93000030517578,4174700,4238269395.8164215
2025-12-19,49.90999984741211,62739200,76.69000244140625,5055000,29.209999084472656,3419600,47.79999923706055,2797100,3752569315.503311
2025-12-22,50.09000015258789,50019100,76.95999908447266,6664600,29.309999465942383,3082900,47.970001220703125,2628700,3234822876.0931015
2025-12-23,49.650001525878906,43757600,76.33999633789062,3739600,29.100000381469727,3147000,47.61000061035156,2818200,2683798161.9945526
2025-12-24,49.459999084472656,22759300,76.0199966430664,2132700,28.969999313354492,1922200,47.400001525878906,941200,1388101818.1201935
2025-12-26,49.61000061035156,38333100,76.27999877929688,5827800,29.049999237060547,2482400,47.540000915527344,2082700,2517374969.2955017
2025-12-29,49.380001068115234,32269300,75.87999725341797,3668100,28.90999984741211,1799300,47.310001373291016,1451100,1992462792.1108246
2025-12-30,49.83000183105469,44071800,76.55000305175781,5982100,29.170000076293945,5068200,47.72999954223633,2955200,2942918736.987686
2025-12-31,49.650001525878906,33834300,76.2300033569336,4560000,29.040000915527344,2710800,47.560001373291016,2615500,2230596680.008316
2026-01-02,50.939998626708984,65968800,78.19000244140625,7656200,29.790000915527344,10191200,48.79999923706055,4694500,4491776331.846237
2026-01-05,53.459999084472656,76547400,82.0999984741211,6948600,31.290000915527344,7599000,51.209999084472656,5041600,5158657031.65741
2026-01-06,52.45000076293945,54907400,80.55000305175781,5605400,30.709999084472656,5217800,50.25,3608000,3672948792.2203064
2026-01-07,51.540000915527344,44367000,79.2300033569336,4266500,30.184999465942383,3451700,49.40999984741211,3374000,2895608932.0833206
2026-01-08,51.52000045776367,42787300,79.12000274658203,4902500,30.18000030517578,2310200,49.349998474121094,1763300,2749028218.066025
2026-01-09,51.15999984741211,39688400,78.58999633789062,4007300,29.950000762939453,2477000,49.0,2399000,2537129382.158661
2026-01-12,51.869998931884766,40729100,79.69000244140625,3969100,30.360000610351562,2958500,49.689998626708984,3214400,2678459555.578232
2026-01-13,53.56999969482422,65696700,82.33000183105469,5602000,31.350000381469727,4332000,51.34000015258789,2691100,4254554145.2716827
2026-01-14,55.439998626708984,85891200,85.12000274658203,6282600,32.459999084472656,4349500,53.08000183105469,3070000,5600723310.941315
2026-01-15,54.0,50521000,82.98999786376953,5166400,31.6299991607666,3496300,51.720001220703125,2454900,3394448922.0258713
2026-01-16,54.2400016784668,43292300,83.2300033569336,4638100,31.709999084472656,3743800,51.900001525878906,2908600,3003875742.245102
2026-01-20,50.7599983215332,76481100,77.9800033569336,6551300,29.729999542236328,4676200,48.630001068115234,3229300,4689115189.929962
2026-01-21,51.11000061035156,70127800,78.48999786376953,9797900,29.90999984741211,6925300,48.95000076293945,3357700,4724764190.377045
2026-01-22,50.66999816894531,49100900,77.83000183105469,3750000,29.65999984741211,3109900,48.54999923706055,1718700,2955487537.174225
2026-01-23,50.70000076293945,48026600,77.91999816894531,3823000,29.690000534057617,4466500,48.59000015258789,1744000,2950188157.2927475
2026-01-26,49.650001525878906,43973100,76.26000213623047,5438500,29.049999237060547,3060900,47.54999923706055,2051100,2784453449.8153687
2026-01-27,50.630001068115234,51840700,77.83000183105469,4036800,29.639999389648438,3779000,48.5099983215332,2543700,3174283288.1874084
2026-01-28,50.5099983215332,42931400,77.55000305175781,4112300,29.540000915527344,6228100,48.380001068115234,2342800,2784696565.6951904
2026-01-29,47.599998474121094,113944200,73.1500015258789,9092200,27.90999984741211,9339000,45.66999816894531,5338400,6593294396.808624
2026-01-30,47.4900016784668,72346100,73.0199966430664,8235300,27.799999237060547,10215900,45.5099983215332,4583000,4529632323.298645
2026-02-02,44.220001220703125,106528100,67.88999938964844,12943600,25.8700008392334,17499600,42.34000015258789,7378800,6354546767.951202
2026-02-03,43.29999923706055,125821800,66.58000183105469,13322200,25.360000610351562,21540400,41.470001220703125,10223100,7305292471.025848
2026-02-04,41.56999969482422,110932700,63.900001525878906,14478100,24.350000381469727,14456000,39.84000015258789,4511800,6068376635.440826
2026-02-05,36.099998474121094,284371500,55.45000076293945,26561500,21.139999389648438,15890400,34.560001373291016,11785700,12481882765.834808
2026-02-06,39.68000030517578,163384200,60.959999084472656,10498300,23.239999771118164,6216300,38.040000915527344,4362100,7433462562.820244
2026-02-09,40.11000061035156,77526100,61.60499954223633,8557600,23.489999771118164,5521500,38.439998626708984,4309100,3932104694.2193985
2026-02-10,38.970001220703125,61505400,59.900001525878906,4618600,22.81999969482422,3731600,37.349998474121094,3701400,2896922055.340576
2026-02-11,38.290000915527344,71103800,58.81999969482422,7415600,22.420000076293945,7686000,36.689998626708984,2962400,3439760729.3525696
2026-02-12,37.04999923706055,62511900,56.90999984741211,9723100,21.68000030517578,5188100,35.5,3632400,3110835676.4068604
2026-02-13,38.970001220703125,65553100,59.88999938964844,6026500,22.81999969482422,7007100,37.349998474121094,3604300,3210054087.704468
2026-02-17,38.38999938964844,54882700,59.02000045776367,5102100,22.479999542236328,6051200,36.790000915527344,3012900,2654948330.826187
2026-02-18,37.540000915527344,50091300,57.689998626708984,6246200,21.979999542236328,4281300,35.959999084472656,2564600,2427096702.9743195
2026-02-19,38.06999969482422,44587900,58.459999084472656,3891400,22.290000915527344,4900300,36.45000076293945,2406900,2121911778.1528473
2026-02-20,38.41999816894531,62202100,59.0099983215332,7628000,22.479999542236328,6153500,36.790000915527344,5269400,3172124743.3086395
2026-02-23,36.54999923706055,61935300,56.130001068115234,6669200,21.385000228881836,4897900,35.0099983215332,3996100,2882722417.7843094
2026-02-24,36.529998779296875,47064700,56.130001068115234,5180200,21.40999984741211,4683100,35.0099983215332,2117700,2184443908.8119507
2026-02-25,39.22999954223633,79921100,60.29999923706055,6270000,22.979999542236328,5601200,37.59000015258789,3493100,3773406914.6003723
2026-02-26,38.2599983215332,51941100,58.7400016784668,5998100,22.3799991607666,6326500,36.650001525878906,4646100,2651461439.666176
2026-02-27,37.189998626708984,48597800,57.150001525878906,3154300,21.780000686645508,2942900,35.630001068115234,2424400,2138098103.6844254
2026-03-02,39.19499969482422,101283200,60.2599983215332,10070400,22.959999084472656,15331500,37.560001373291016,6927800,5188856683.665466
2026-03-03,38.70000076293945,70667500,59.45000076293945,5118100,22.649999618530273,10549800,37.060001373291016,6853900,3532061862.207794
2026-03-04,41.439998626708984,115483500,63.68000030517578,6999800,24.260000228881836,11422800,39.720001220703125,6515400,5767292174.111557
2026-03-05,40.38999938964844,61402200,62.04999923706055,4882700,23.639999389648438,6999400,38.70000076293945,5628700,3166302857.8201294
2026-03-06,38.599998474121094,57220300,59.310001373291016,5759500,22.600000381469727,4340700,36.97999954223633,3069000,2761890885.8491898
2026-03-09,39.130001068115234,73613500,60.130001068115234,5188300,22.93000030517578,6489100,37.5,5167200,3535033883.149719
2026-03-10,39.709999084472656,62965500,61.029998779296875,5141000,23.2549991607666,5655700,38.04999923706055,4777600,3127426146.1862564
2026-03-11,40.06999969482422,46499500,61.56999969482422,4729400,23.459999084472656,4387600,38.369998931884766,3206900,2380405948.923874
2026-03-12,39.95000076293945,42455300,61.369998931884766,5122600,23.389999389648438,3953300,38.27000045776367,3052200,2219738603.9035797
2026-03-13,40.369998931884766,83099400,61.97999954223633,7059100,23.6200008392334,8199400,38.66999816894531,5953800,4216148973.9883423
2026-03-16,41.939998626708984,61056300,64.44000244140625,6528500,24.549999237060547,5314200,40.18000030517578,4149300,3278580175.3025055
2026-03-17,42.27000045776367,41259400,64.94000244140625,5369700,24.75,3873300,40.5099983215332,3537600,2331915533.0589294
2026-03-18,40.2599983215332,64030000,61.88999938964844,5044100,23.59000015258789,4348200,38.58000183105469,2510300,3089448455.709076
2026-03-19,39.81999969482422,58778600,61.189998626708984,4834800,23.309999465942383,5157700,38.15999984741211,2718600,2860372999.253273
2026-03-20,39.77000045776367,50329600,61.119998931884766,3467800,23.280000686645508,3745800,38.130001068115234,2486800,2395584060.563278
2026-03-23,40.04999923706055,49007900,61.54999923706055,5446800,23.450000762939453,6281600,38.380001068115234,2240200,2531299296.639633
2026-03-24,39.279998779296875,54512900,60.400001525878906,5150600,23.010000228881836,4793500,37.650001525878906,2293700,2649019137.912178
2026-03-25,40.16999816894531,41787900,61.689998626708984,4272300,23.520000457763672,2621300,38.470001220703125,1501000,2061574496.64917
2026-03-26,38.81999969482422,43649100,59.65999984741211,4543700,22.729999542236328,6199400,37.209999084472656,2171600,2187252783.160019
2026-03-27,37.400001525878906,66924500,57.470001220703125,6382200,21.899999618530273,3319500,35.84000015258789,2336400,3026195068.999672
2026-03-30,37.68000030517578,41352900,57.88999938964844,5563600,22.059999465942383,3968800,36.11000061035156,2521500,2058857177.6435852
2026-03-31,38.41999816894531,51580700,59.029998779296875,6809600,22.489999771118164,6323900,36.810001373291016,2959500,2634864787.8572464
2026-04-01,38.63999938964844,34296500,59.36000061035156,5401200,22.6200008392334,4137600,37.0099983215332,1710700,1802737493.9647675
2026-04-02,37.970001220703125,34264400,58.36000061035156,4726100,22.239999771118164,4267700,36.38999938964844,1946800,1742592206.5462112
2026-04-06,39.52000045776367,40428400,60.720001220703125,4725800,23.149999618530273,3100100,37.869998931884766,1883200,2027765064.0813828
2026-04-07,39.099998474121094,30502000,60.09000015258789,3641000,22.899999618530273,3169200,37.470001220703125,1728500,1548757419.9142456
2026-04-08,40.41999816894531,60582600,62.13999938964844,3460400,23.690000534057617,2578500,38.7400016784668,1744700,2792452182.2633743
2026-04-09,40.90999984741211,33030900,62.83000183105469,3778800,23.950000762939453,3919100,39.18000030517578,1724200,1750132729.3952942
2026-04-10,41.560001373291016,34798000,63.849998474121094,3078700,24.309999465942383,2718600,39.81999969482422,1451500,1766667812.1952057
2026-04-13,41.59000015258789,42989000,63.900001525878906,4791700,24.350000381469727,2499900,39.849998474121094,1588200,2218264487.40139
2026-04-14,42.130001068115234,68489800,64.70999908447266,5329600,24.65999984741211,3452700,40.349998474121094,2552100,3418474570.8545685
2026-04-15,42.560001373291016,35561300,65.36000061035156,3209600,24.90999984741211,1294500,40.7599983215332,1386100,1812011863.2709503
2026-04-16,42.72999954223633,37189200,65.62999725341797,4056400,25.020000457763672,4505800,40.939998626708984,1704000,2037812895.5574036
2026-04-17,43.939998626708984,80357500,67.4800033569336,6907300,25.719999313354492,3761200,42.09000015258789,4228300,4271720275.895691
2026-04-20,43.25,37820900,66.44000244140625,3527700,25.31999969482422,1227600,41.459999084472656,1438700,1960865653.9207458
2026-04-21,42.5099983215332,30898300,65.31999969482422,3270800,24.889999389648438,2029700,40.7599983215332,1527000,1639895085.338211
2026-04-22,44.75,51415300,68.69000244140625,4243500,26.170000076293945,1932200,42.84000015258789,1693300,2715427346.7658997
2026-04-23,44.04999923706055,40169200,67.66999816894531,3636900,25.795000076293945,1933800,42.22999954223633,1885600,2145073503.9783478
2026-04-24,44.02000045776367,28637100,67.61000061035156,4033600,25.770000457763672,1570100,42.18000030517578,1526000,1638145011.755371
2026-04-27,43.560001373291016,31999800,66.94999694824219,3615700,25.520000457763672,1533100,41.75,1420300,1734404673.6125946
2026-04-28,43.27000045776367,23774400,66.4800033569336,2185500,25.325000762939453,971100,41.45000076293945,750000,1229690955.03273
2026-04-29,42.75,33991100,65.70999908447266,3411600,25.040000915527344,2114100,40.97999954223633,1535900,1793174005.109024
2026-04-30,43.31999969482422,22965200,66.52999877929688,2453100,25.350000381469727,1054900,41.47999954223633,970900,1225071843.95504
2026-05-01,44.470001220703125,46151400,68.30000305175781,5078600,26.020000457763672,2017900,42.59000015258789,1843100,2530224598.0407715
2026-05-04,45.400001525878906,62909400,69.72000122070312,4641200,26.56999969482422,1985400,43.47999954223633,1452600,3295582450.3868103
2026-05-05,46.279998779296875,43996200,71.08000183105469,3748400,27.100000381469727,1547800,44.31999969482422,1185500,2397067101.3858795
2026-05-06,46.189998626708984,36051300,70.91999816894531,2650500,27.030000686645508,1497500,44.220001220703125,1005200,1938110323.8931656
2026-05-07,45.400001525878906,31868200,69.80000305175781,3092800,26.579999923706055,1425200,43.52000045776367,1417800,1762278250.605774
2026-05-08,45.45000076293945,24590800,69.80999755859375,2001600,26.600000381469727,947100,43.540000915527344,673300,1311891912.8522873
2026-05-11,46.470001220703125,31097100,71.3499984741211,3160800,27.190000534057617,1625100,44.5099983215332,1233700,1769703804.9345016
2026-05-12,45.79999923706055,27407800,70.36000061035156,2633400,26.799999237060547,1388000,43.869998931884766,1199100,1530366159.357071
2026-05-13,45.119998931884766,32419900,69.30000305175781,3147900,26.3799991607666,2006900,43.220001220703125,1606800,1803323251.2556076
2026-05-14,46.16999816894531,44670300,70.88999938964844,4073900,26.989999771118164,3219100,44.220001220703125,1813400,2518298496.196556
2026-05-15,44.81999969482422,39817900,68.83999633789062,3599200,26.25,3273400,42.95000076293945,1616400,2187758311.9010925
2026-05-18,43.529998779296875,55893800,66.87000274658203,4326400,25.479999542236328,2655700,41.72999954223633,1875400,2868291101.578903
2026-05-19,43.5,25399900,66.81999969482422,2080700,25.469999313354492,997000,41.68000030517578,767300,1301302676.9145966
2026-05-20,43.9900016784668,21838300,67.56999969482422,2557800,25.75,925700,42.150001525878906,873700,1194160630.2074432
2026-05-21,44.0,25781200,67.55999755859375,2540800,25.760000228881836,1028200,42.13999938964844,956500,1372822583.44841
2026-05-22,42.959999084472656,30066000,65.9800033569336,2811600,25.135000228881836,1332500,41.13999938964844,1312000,1564612776.9163132
2026-05-26,42.9900016784668,84084900,66.05999755859375,4370600,25.170000076293945,3044300,41.209999084472656,2309400,4075327220.5812454
2026-05-27,42.45000076293945,35159200,65.22000122070312,3734000,24.84000015258789,1417400,40.65999984741211,1091900,1815644421.4321136
2026-05-28,41.560001373291016,42607600,63.84000015258789,3411700,24.309999465942383,2317900,39.81999969482422,1635300,2110040636.2962723
2026-05-29,41.630001068115234,40077700,63.900001525878906,2954100,24.350000381469727,1858200,39.869998931884766,1599300,1966212948.3158112
2026-06-01,40.4900016784668,54539200,62.20000076293945,5165500,23.709999084472656,2216300,38.810001373291016,2051000,2661734187.2707367
2026-06-02,38.04999923706055,76815200,58.459999084472656,7779500,22.290000915527344,3262900,36.4900016784668,2765100,3551236411.900711
2026-06-03,37.0,53124100,56.90999984741211,4319000,21.68000030517578,2650100,35.4900016784668,1929500,2337318116.388321
2026-06-04,36.02000045776367,73453900,55.27000045776367,7340500,21.079999923706055,2418600,34.5099983215332,2953900,3204442121.8421936
2026-06-05,34.13999938964844,111720800,52.459999084472656,12572900,20.0,4470100,32.7400016784668,4753400,4718750690.2786255
2026-06-08,35.88999938964844,57393000,55.16999816894531,6094400,21.020000457763672,1799500,34.400001525878906,1903100,2499354905.538559
2026-06-09,35.13999938964844,52492700,54.0099983215332,5855500,20.579999923706055,2327300,33.68000030517578,2402300,2289654289.688301
2026-06-10,35.08000183105469,37326900,53.880001068115234,4106400,20.520000457763672,2658100,33.61000061035156,1814700,1646216838.0580902
2026-06-11,36.04999923706055,43105800,55.290000915527344,3628800,21.079999923706055,2179500,34.5099983215332,1693400,1858983503.4265518
2026-06-12,36.040000915527344,36430100,55.349998474121094,3254800,21.079999923706055,1645700,34.52000045776367,2027100,1597760861.1886978
2026-06-15,37.7400016784668,52951400,57.959999084472656,4559600,22.09000015258789,1175900,36.150001525878906,1310000,2335992469.8810577
2026-06-16,37.16999816894531,26710500,57.130001068115234,1849500,21.770000457763672,761000,35.630001068115234,740700,1141449285.206604
2026-06-17,36.36000061035156,42620000,55.88999938964844,3447100,21.299999237060547,1563500,34.86000061035156,1808200,1838658044.8200226
2026-06-18,35.619998931884766,47932100,54.77000045776367,4601500,20.8799991607666,2741200,34.130001068115234,2040700,2086250854.7885895
2026-06-22,36.5,37416700,56.02000045776367,4684900,21.360000610351562,1746500,34.970001220703125,1118500,1704576837.5759125
2026-06-23,35.310001373291016,33989000,54.25,2939500,20.68000030517578,1445600,33.84000015258789,1049600,1425032984.2781067
2026-06-24,33.869998931884766,84306600,52.04999923706055,7681300,19.860000610351562,2941200,32.47999954223633,3163600,3416442071.437454
2026-06-25,33.52000045776367,74376700,51.470001220703125,8783200,19.639999389648438,2589100,32.119998931884766,3312300,3102419327.6504517
2026-06-26,33.849998474121094,59375800,51.97999954223633,4226600,19.799999237060547,1988800,32.369998931884766,1819100,2327831909.004593
2026-06-29,34.18000030517578,48208200,52.52000045776367,3892000,20.0,1455900,32.7400016784668,1741900,1938311941.4173126
2026-06-30,33.290000915527344,59015100,51.04999923706055,5846400,19.459999084472656,1858100,31.860000610351562,1829100,2357505199.984741
2026-07-01,34.0,54454400,52.22999954223633,5051200,19.889999389648438,2202400,32.54999923706055,1882500,2220354881.9072723
2026-07-02,34.869998931884766,46578000,53.52000045776367,4248500,20.3700008392334,2177200,33.349998474121094,1779300,1955243750.3063202
2026-07-06,36.119998931884766,51974500,55.43000030517578,6300800,21.1299991607666,2305600,34.58000183105469,1733100,2335220157.6465607
2026-07-07,36.150001525878906,32400400,55.529998779296875,2289900,21.15999984741211,1613300,34.630001068115234,1361700,1379725753.8520813
2026-07-08,35.22999954223633,33708800,54.16999816894531,2439800,20.6299991607666,2242500,33.77000045776367,1186800,1406065979.7632217
2026-07-09,35.810001373291016,28097900,54.959999084472656,4076900,20.969999313354492,1303700,34.310001373291016,954100,1290326018.2691574
2026-07-10,36.22999954223633,30720600,55.6150016784668,2581100,21.200000762939453,1922500,34.70000076293945,784300,1324527416.8346405
2026-07-13,35.220001220703125,38048900,54.130001068115234,8356900,20.6299991607666,1962800,33.779998779296875,1080100,1869419649.4068146
2026-07-14,36.58000183105469,46954100,56.220001220703125,5159700,21.420000076293945,1805000,35.04999923706055,1573300,2101466668.2113647
2026-07-15,36.810001373291016,34112000,56.540000915527344,2524400,21.549999237060547,883200,35.25,699200,1442072104.4830322
2026-07-16,36.38999938964844,21905800,55.93000030517578,1394600,21.309999465942383,652100,34.880001068115234,608100,910258806.3566208
2026-07-17,36.349998474121094,56170600,55.81999969482422,3634200,21.280000686645508,1295500,34.81999969482422,1055800,2308993463.748741
2026-07-20,36.88999938964844,33229400,56.689998626708984,4664900,21.600000381469727,1493200,35.349998474121094,1257700,1566998533.9626312
2026-07-21,37.66999816894531,44121300,57.83000183105469,2624800,22.040000915527344,2205900,36.06999969482422,1057800,1900614362.714386
2026-07-22,37.34000015258789,23341200,57.380001068115234,1712800,21.860000610351562,677400,35.779998779296875,555500,1004524631.1264038
2026-07-23,36.650001525878906,36217500,56.38999938964844,2133000,21.469999313354492,1126600,35.150001525878906,857500,1501980526.4965057
2026-07-24,36.349998474121094,33023200,55.83000183105469,2813200,21.280000686645508,1255600,34.84000015258789,1068900,1421413875.786972
2026-07-27,36.77000045776367,28359300,56.5099983215332,2285200,21.520000457763672,959500,35.22999954223633,719100,1217890455.2562714
2026-07-28,36.13999938964844,29147000,55.540000915527344,2885200,21.170000076293945,2389600,34.630001068115234,940500,1296773921.038437
2026-07-29,36.0,36943100,55.290000915527344,5003100,21.05500030517578,2146300,34.47999954223633,1561800,1705614214.0205383
2026-07-30,36.70000076293945,36428500,56.36000061035156,2888600,21.479999542236328,1426800,35.13999938964844,1168700,1571443256.1893463
2026-07-31,35.63999938964844,55718400,54.709999084472656,5824700,20.850000381469727,2052900,34.130001068115234,1670200,2404279967.2266006
2026-08-03,36.15999984741211,41836300,55.59000015258789,4966100,21.170000076293945,1846400,34.650001525878906,1177400,1868751301.311493
2026-08-04,36.38999938964844,33883500,55.88999938964844,2404700,21.290000915527344,1370700,34.86000061035156,920400,1428686574.6681213
2026-08-05,36.7400016784668,32932800,56.41999816894531,2682200,21.5,1502800,35.18000030517578,1079100,1431553784.6946716
2026-08-06,36.4900016784668,29071400,56.060001373291016,2427600,21.350000381469727,946300,34.95000076293945,464200,1233333989.8443222
2026-08-07,36.79999923706055,35087400,56.529998779296875,2171500,21.540000915527344,690100,35.2400016784668,731100,1454599905.438614
2026-08-10,36.22999954223633,40044000,55.650001525878906,4172300,21.209999084472656,1850000,34.709999084472656,1501800,1774348577.9670715
2026-08-11,35.939998626708984,31174500,55.22999954223633,2160400,21.049999237060547,1287800,34.43000030517578,804400,1294534059.4623566
2026-08-12,35.88999938964844,25304900,55.11000061035156,1736200,21.010000228881836,1297800,34.380001068115234,709700,1055541093.6698914
2026-08-13,35.880001068115234,25273500,55.09000015258789,2126800,21.0,2904500,34.38999938964844,755400,1110951324.8584747
2026-08-14,35.630001068115234,23516700,54.7400016784668,1815000,20.850000381469727,1030700,34.130001068115234,568100,978132498.1649399
2026-08-17,36.41999816894531,42854200,55.939998626708984,4638800,21.309999465942383,2552500,34.900001525878906,844100,1904097216.0860062
2026-08-18,36.599998474121094,28668700,56.22999954223633,2221300,21.43000030517578,992300,35.06999969482422,1016100,1231077690.2309418
2026-08-19,38.779998779296875,140814800,59.599998474121094,10943900,22.700000762939453,5118400,37.15999984741211,4393800,6392515486.642456
2026-08-20,41.20000076293945,108151800,63.27000045776367,6949700,24.100000381469727,3030400,39.45000076293945,2794800,5078849267.982864
2026-08-21,43.68000030517578,119006700,67.0199966430664,7686600,25.549999237060547,3369500,41.81999969482422,2578900,5907308918.156815
2026-08-24,44.63999938964844,96271900,68.55999755859375,6766300,26.1200008392334,2292200,42.7400016784668,2496700,4928056296.835327
2026-08-25,44.720001220703125,63862100,68.72000122070312,4558600,26.170000076293945,1260700,42.84000015258789,1553800,3268737498.854637
2026-08-26,44.459999084472656,42848200,68.30999755859375,2345300,26.030000686645508,1373800,42.59000015258789,778000,2134133405.1074982
2026-08-27,45.290000915527344,60965800,69.55999755859375,4753900,26.510000228881836,1260400,43.38999938964844,1295400,3181443019.707489
2026-08-28,43.900001525878906,76877400,67.44000244140625,5609700,25.719999313354492,2586000,42.09000015258789,2333300,3917956674.5815277
2026-08-31,44.66999816894531,42438200,68.61000061035156,2434700,26.170000076293945,1070900,42.810001373291016,1090000,2137447439.3579483
2026-09-01,43.7599983215332,50502200,67.18000030517578,3007400,25.6299991607666,1049100,41.93000030517578,981000,2480035082.5704575
2026-09-02,43.790000915527344,30549700,67.29000091552734,2314800,25.6299991607666,985200,41.95000076293945,585100,1543329905.7079315
2026-09-03,46.349998474121094,84988200,71.20999908447266,5832500,27.1200008392334,1492900,44.369998931884766,1564300,4464430698.560524
2026-09-04,45.22999954223633,52008600,69.41000366210938,3524500,26.469999313354492,2383900,43.310001373291016,1215700,2712738312.1320724
