fundingTime,symbol,fundingRate,markPrice,rateType
2026-03-24 00:00:00.000,BTCUSDT,4.229e-05,70868.68562319,Regular
2026-03-24 08:00:00.000,BTCUSDT,3.675e-05,71264.00000000,Regular
2026-03-24 16:00:00.003,BTCUSDT,3.056e-05,69842.40000000,Regular
2026-03-25 00:00:00.000,BTCUSDT,2.31e-05,70525.82657246,Regular
2026-03-25 08:00:00.000,BTCUSDT,1.074e-05,70899.90000000,Regular
2026-03-25 16:00:00.013,BTCUSDT,4.721e-05,70803.40069565,Regular
2026-03-26 00:00:00.001,BTCUSDT,2.448e-05,71297.60000000,Regular
2026-03-26 08:00:00.001,BTCUSDT,1.379e-05,70053.80000000,Regular
2026-03-26 16:00:00.000,BTCUSDT,-2.103e-05,69060.70000000,Regular
2026-03-27 00:00:00.006,BTCUSDT,2.925e-05,68788.10000000,Regular
2026-03-27 08:00:00.000,BTCUSDT,-6.298e-05,68496.90000000,Regular
2026-03-27 16:00:00.000,BTCUSDT,-5.841e-05,66091.90000000,Regular
2026-03-28 00:00:00.005,BTCUSDT,-8.088e-05,66364.20000000,Regular
2026-03-28 08:00:00.005,BTCUSDT,-7.604e-05,66523.62176812,Regular
2026-03-28 16:00:00.000,BTCUSDT,-1.73e-06,66998.71209420,Regular
2026-03-29 00:00:00.003,BTCUSDT,-3.68e-05,66337.79104948,Regular
2026-03-29 08:00:00.001,BTCUSDT,-1.2e-07,66633.22935507,Regular
2026-03-29 16:00:00.000,BTCUSDT,2.677e-05,66500.00000000,Regular
2026-03-30 00:00:00.000,BTCUSDT,3e-06,65973.40000000,Regular
2026-03-30 08:00:00.005,BTCUSDT,4.92e-06,67596.69581884,Regular
2026-03-30 16:00:00.000,BTCUSDT,7.58e-06,67595.59310345,Regular
2026-03-31 00:00:00.000,BTCUSDT,1.16e-06,66764.40000000,Regular
2026-03-31 08:00:00.000,BTCUSDT,-1.921e-05,67343.90000000,Regular
2026-03-31 16:00:00.000,BTCUSDT,-2.763e-05,66700.00000000,Regular
2026-04-01 00:00:00.000,BTCUSDT,-3.449e-05,68243.29673913,Regular
2026-04-01 08:00:00.000,BTCUSDT,-4.61e-06,68668.60000000,Regular
2026-04-01 16:00:00.000,BTCUSDT,5.77e-06,68876.81806522,Regular
2026-04-02 00:00:00.003,BTCUSDT,3.521e-05,68086.50000000,Regular
2026-04-02 08:00:00.001,BTCUSDT,8.45e-06,66888.20861594,Regular
2026-04-02 16:00:00.001,BTCUSDT,-7.398e-05,66819.54021739,Regular
2026-04-03 00:00:00.000,BTCUSDT,-8.31e-06,66869.74346667,Regular
2026-04-03 08:00:00.008,BTCUSDT,-5.99e-06,67008.70000000,Regular
2026-04-03 16:00:00.008,BTCUSDT,3.51e-06,66809.33805072,Regular
2026-04-04 00:00:00.000,BTCUSDT,3.761e-05,66930.00000000,Regular
2026-04-04 08:00:00.003,BTCUSDT,4.115e-05,66983.97256934,Regular
2026-04-04 16:00:00.000,BTCUSDT,1.651e-05,67357.30000000,Regular
2026-04-05 00:00:00.008,BTCUSDT,2.407e-05,67271.00000000,Regular
2026-04-05 08:00:00.000,BTCUSDT,3.812e-05,66787.40000000,Regular
2026-04-05 16:00:00.001,BTCUSDT,1.889e-05,67278.50018741,Regular
2026-04-06 00:00:00.004,BTCUSDT,7.073e-05,68997.40000000,Regular
2026-04-06 08:00:00.001,BTCUSDT,5.544e-05,69087.63507246,Regular
2026-04-06 16:00:00.003,BTCUSDT,4.23e-06,69925.85927536,Regular
2026-04-07 00:00:00.000,BTCUSDT,-3.15e-06,68822.20000000,Regular
2026-04-07 08:00:00.000,BTCUSDT,3.703e-05,68594.77686657,Regular
2026-04-07 16:00:00.000,BTCUSDT,7.393e-05,68141.01094203,Regular
2026-04-08 00:00:00.000,BTCUSDT,6.02e-05,71907.34283333,Regular
2026-04-08 08:00:00.000,BTCUSDT,1.563e-05,71612.10000000,Regular
2026-04-08 16:00:00.006,BTCUSDT,4.048e-05,71275.77918841,Regular
2026-04-09 00:00:00.000,BTCUSDT,-1.47e-06,71038.10000000,Regular
2026-04-09 08:00:00.010,BTCUSDT,5.239e-05,70945.00000000,Regular
2026-04-09 16:00:00.001,BTCUSDT,-1.986e-05,72108.00000000,Regular
2026-04-10 00:00:00.000,BTCUSDT,4.11e-06,71755.54984058,Regular
2026-04-10 08:00:00.005,BTCUSDT,2.458e-05,71461.20000000,Regular
2026-04-10 16:00:00.000,BTCUSDT,-2.187e-05,72415.70000000,Regular
2026-04-11 00:00:00.000,BTCUSDT,-7.225e-05,72917.40000000,Regular
2026-04-11 08:00:00.000,BTCUSDT,-6.083e-05,72707.70000000,Regular
2026-04-11 16:00:00.003,BTCUSDT,-6.755e-05,72818.86697826,Regular
2026-04-12 00:00:00.000,BTCUSDT,-8.108e-05,73013.40000000,Regular
2026-04-12 08:00:00.000,BTCUSDT,-3.69e-05,71628.10000000,Regular
2026-04-12 16:00:00.000,BTCUSDT,-3.35e-06,70856.20000000,Regular
2026-04-13 00:00:00.011,BTCUSDT,-2.34e-06,70709.40000000,Regular
2026-04-13 08:00:00.006,BTCUSDT,-1.83e-06,70780.10000000,Regular
2026-04-13 16:00:00.000,BTCUSDT,-5.409e-05,71823.70000000,Regular
2026-04-14 00:00:00.005,BTCUSDT,-5.854e-05,74386.50000000,Regular
2026-04-14 08:00:00.003,BTCUSDT,2.732e-05,74513.40000000,Regular
2026-04-14 16:00:00.001,BTCUSDT,-5.234e-05,75274.90000000,Regular
2026-04-15 00:00:00.000,BTCUSDT,-9.313e-05,74106.90000000,Regular
2026-04-15 08:00:00.000,BTCUSDT,-5.085e-05,73705.20000000,Regular
2026-04-15 16:00:00.000,BTCUSDT,-7.151e-05,73811.00873913,Regular
2026-04-16 00:00:00.013,BTCUSDT,-3.418e-05,74776.20000000,Regular
2026-04-16 08:00:00.000,BTCUSDT,-2.841e-05,74667.70000000,Regular
2026-04-16 16:00:00.000,BTCUSDT,-2.225e-05,74659.57926087,Regular
2026-04-17 00:00:00.001,BTCUSDT,3.297e-05,75115.14794928,Regular
2026-04-17 08:00:00.011,BTCUSDT,2.781e-05,75047.40000000,Regular
2026-04-17 16:00:00.001,BTCUSDT,-0.00010789,77734.40000000,Regular
2026-04-18 00:00:00.001,BTCUSDT,-8.098e-05,77044.79824638,Regular
2026-04-18 08:00:00.006,BTCUSDT,-7.082e-05,76952.46500725,Regular
2026-04-18 16:00:00.000,BTCUSDT,-4.586e-05,76124.80000000,Regular
2026-04-19 00:00:00.002,BTCUSDT,-8.395e-05,75653.80000000,Regular
2026-04-19 08:00:00.010,BTCUSDT,-7.219e-05,75205.60000000,Regular
2026-04-19 16:00:00.001,BTCUSDT,-0.00012276,75807.70000000,Regular
2026-04-20 00:00:00.000,BTCUSDT,-4.615e-05,73752.30151667,Regular
2026-04-20 08:00:00.000,BTCUSDT,-4.778e-05,74795.50000000,Regular
2026-04-20 16:00:00.001,BTCUSDT,-2.745e-05,75678.04248876,Regular
2026-04-21 00:00:00.000,BTCUSDT,-7.937e-05,75791.40000000,Regular
2026-04-21 08:00:00.004,BTCUSDT,-5.824e-05,76050.10000000,Regular
2026-04-21 16:00:00.004,BTCUSDT,-4.242e-05,75799.90000000,Regular
2026-04-22 00:00:00.004,BTCUSDT,-2.237e-05,76289.54071739,Regular
2026-04-22 08:00:00.000,BTCUSDT,3.56e-05,77979.70000000,Regular
2026-04-22 16:00:00.000,BTCUSDT,-7.49e-06,79234.20000000,Regular
2026-04-23 00:00:00.000,BTCUSDT,-7.87e-05,78139.70000000,Regular
2026-04-23 08:00:00.000,BTCUSDT,-3.553e-05,78009.00000000,Regular
2026-04-23 16:00:00.004,BTCUSDT,-6.696e-05,78331.27050975,Regular
2026-04-24 00:00:00.006,BTCUSDT,-3.829e-05,78214.80000000,Regular
2026-04-24 08:00:00.000,BTCUSDT,-7.865e-05,77620.50000000,Regular
2026-04-24 16:00:00.000,BTCUSDT,-3.152e-05,78007.30000000,Regular
2026-04-25 00:00:00.000,BTCUSDT,-1.077e-05,77395.90000000,Regular
2026-04-25 08:00:00.002,BTCUSDT,-6.235e-05,77459.90000000,Regular
2026-04-25 16:00:00.002,BTCUSDT,-5.699e-05,77295.96852174,Regular
2026-04-26 00:00:00.003,BTCUSDT,2.41e-06,77585.00000000,Regular
2026-04-26 08:00:00.007,BTCUSDT,1.53e-06,78064.44689855,Regular
2026-04-26 16:00:00.004,BTCUSDT,1.95e-06,78008.58376812,Regular
2026-04-27 00:00:00.004,BTCUSDT,2.49e-06,78617.40000000,Regular
2026-04-27 08:00:00.000,BTCUSDT,-8.659e-05,77556.92439855,Regular
2026-04-27 16:00:00.002,BTCUSDT,-5.678e-05,76762.28381159,Regular
2026-04-28 00:00:00.001,BTCUSDT,-3.951e-05,77333.17570290,Regular
2026-04-28 08:00:00.000,BTCUSDT,-3.204e-05,76828.30000000,Regular
2026-04-28 16:00:00.004,BTCUSDT,5.242e-05,76026.63367210,Regular
2026-04-29 00:00:00.006,BTCUSDT,1.305e-05,76298.10000000,Regular
2026-04-29 08:00:00.011,BTCUSDT,-2.84e-05,77007.65595652,Regular
2026-04-29 16:00:00.003,BTCUSDT,3.571e-05,75880.57366567,Regular
2026-04-30 00:00:00.002,BTCUSDT,-4.22e-05,75749.80000000,Regular
2026-04-30 08:00:00.000,BTCUSDT,-1.837e-05,76130.00000000,Regular
2026-04-30 16:00:00.000,BTCUSDT,-2.904e-05,76429.20000000,Regular
2026-05-01 00:00:00.000,BTCUSDT,-3.746e-05,76305.50000000,Regular
2026-05-01 08:00:00.005,BTCUSDT,-1.81e-05,77101.09816667,Regular
2026-05-01 16:00:00.000,BTCUSDT,-3.143e-05,78424.72796268,Regular
2026-05-02 00:00:00.006,BTCUSDT,-8.22e-06,78192.00000000,Regular
2026-05-02 08:00:00.000,BTCUSDT,-5.103e-05,78181.60000000,Regular
2026-05-02 16:00:00.010,BTCUSDT,-2.54e-05,78452.73851449,Regular
2026-05-03 00:00:00.005,BTCUSDT,2.29e-05,78654.45395802,Regular
2026-05-03 08:00:00.003,BTCUSDT,-1.398e-05,78316.50000000,Regular
2026-05-03 16:00:00.000,BTCUSDT,7.03e-06,78627.03676124,Regular
2026-05-04 00:00:00.000,BTCUSDT,4.304e-05,78528.90000000,Regular
2026-05-04 08:00:00.000,BTCUSDT,-1.58e-06,79663.30000000,Regular
2026-05-04 16:00:00.003,BTCUSDT,-3.16e-05,79981.20000000,Regular
2026-05-05 00:00:00.000,BTCUSDT,-3.83e-06,79826.10000000,Regular
2026-05-05 08:00:00.011,BTCUSDT,-4.626e-05,80823.36977536,Regular
2026-05-05 16:00:00.000,BTCUSDT,-8.24e-05,81488.70000000,Regular
2026-05-06 00:00:00.010,BTCUSDT,-9.153e-05,80861.90000000,Regular
2026-05-06 08:00:00.000,BTCUSDT,-6.15e-05,81333.30000000,Regular
2026-05-06 16:00:00.002,BTCUSDT,-3.756e-05,81656.94279710,Regular
2026-05-07 00:00:00.000,BTCUSDT,-5.856e-05,81396.64037069,Regular
2026-05-07 08:00:00.000,BTCUSDT,-4.568e-05,81484.05472464,Regular
2026-05-07 16:00:00.004,BTCUSDT,-3.014e-05,79860.00000000,Regular
2026-05-08 00:00:00.003,BTCUSDT,-7.406e-05,79969.40000000,Regular
2026-05-08 08:00:00.002,BTCUSDT,2.415e-05,79644.46728986,Regular
2026-05-08 16:00:00.003,BTCUSDT,-1.542e-05,80114.80000000,Regular
2026-05-09 00:00:00.000,BTCUSDT,1.841e-05,80155.20000000,Regular
2026-05-09 08:00:00.001,BTCUSDT,-3.792e-05,80182.43582759,Regular
2026-05-09 16:00:00.002,BTCUSDT,3.645e-05,80488.40000000,Regular
2026-05-10 00:00:00.003,BTCUSDT,9e-07,80633.91052174,Regular
2026-05-10 08:00:00.000,BTCUSDT,4.626e-05,80697.26316667,Regular
2026-05-10 16:00:00.000,BTCUSDT,5.764e-05,81383.17274363,Regular
2026-05-11 00:00:00.000,BTCUSDT,5.798e-05,82177.70000000,Regular
2026-05-11 08:00:00.000,BTCUSDT,2.592e-05,80708.80000000,Regular
2026-05-11 16:00:00.000,BTCUSDT,4.555e-05,81405.16000000,Regular
2026-05-12 00:00:00.002,BTCUSDT,-1.15e-06,81699.60136232,Regular
2026-05-12 08:00:00.008,BTCUSDT,3.877e-05,80813.66760870,Regular
2026-05-12 16:00:00.000,BTCUSDT,5.822e-05,80308.46289855,Regular
2026-05-13 00:00:00.010,BTCUSDT,5.367e-05,80461.08936667,Regular
2026-05-13 08:00:00.003,BTCUSDT,5.437e-05,80984.68281109,Regular
2026-05-13 16:00:00.001,BTCUSDT,1.749e-05,78794.60000000,Regular
2026-05-14 00:00:00.005,BTCUSDT,3.928e-05,79288.30000000,Regular
2026-05-14 08:00:00.000,BTCUSDT,2.928e-05,79699.90000000,Regular
2026-05-14 16:00:00.000,BTCUSDT,4.094e-05,81252.74053223,Regular
2026-05-15 00:00:00.000,BTCUSDT,-4.239e-05,81048.89125937,Regular
2026-05-15 08:00:00.016,BTCUSDT,-1.893e-05,80783.27976812,Regular
2026-05-15 16:00:00.012,BTCUSDT,1.548e-05,79118.00000000,Regular
2026-05-16 00:00:00.005,BTCUSDT,3.938e-05,79074.00000000,Regular
2026-05-16 08:00:00.000,BTCUSDT,-2.1e-06,78335.57299275,Regular
2026-05-16 16:00:00.005,BTCUSDT,4.955e-05,78194.10000000,Regular
2026-05-17 00:00:00.000,BTCUSDT,4.037e-05,78109.17541229,Regular
2026-05-17 08:00:00.010,BTCUSDT,1.176e-05,78138.66375362,Regular
2026-05-17 16:00:00.009,BTCUSDT,4.8e-07,78007.00000000,Regular
2026-05-18 00:00:00.007,BTCUSDT,-1.131e-05,77433.50000000,Regular
2026-05-18 08:00:00.002,BTCUSDT,5.778e-05,77039.50000000,Regular
2026-05-18 16:00:00.007,BTCUSDT,7.178e-05,76393.50000000,Regular
2026-05-19 00:00:00.001,BTCUSDT,5.164e-05,76963.20000000,Regular
2026-05-19 08:00:00.001,BTCUSDT,4.809e-05,77200.30000000,Regular
2026-05-19 16:00:00.009,BTCUSDT,5.563e-05,76487.90000000,Regular
2026-05-20 00:00:00.001,BTCUSDT,3.254e-05,76799.90000000,Regular
2026-05-20 08:00:00.006,BTCUSDT,7.983e-05,77250.47589205,Regular
2026-05-20 16:00:00.000,BTCUSDT,6.858e-05,77423.06879310,Regular
2026-05-21 00:00:00.001,BTCUSDT,1.925e-05,77510.37686957,Regular
2026-05-21 08:00:00.000,BTCUSDT,4.003e-05,77849.80779710,Regular
2026-05-21 16:00:00.000,BTCUSDT,6.13e-05,77231.30769565,Regular
2026-05-22 00:00:00.000,BTCUSDT,3.564e-05,77586.20000000,Regular
2026-05-22 08:00:00.004,BTCUSDT,-8.2e-06,77366.90000000,Regular
2026-05-22 16:00:00.001,BTCUSDT,2.891e-05,76757.66071014,Regular
2026-05-23 00:00:00.009,BTCUSDT,1.783e-05,75507.40000000,Regular
2026-05-23 08:00:00.001,BTCUSDT,1.025e-05,74573.20000000,Regular
2026-05-23 16:00:00.003,BTCUSDT,7.441e-05,75490.25308696,Regular
2026-05-24 00:00:00.011,BTCUSDT,9.044e-05,76716.21350000,Regular
2026-05-24 08:00:00.008,BTCUSDT,6.29e-05,76771.40000000,Regular
2026-05-24 16:00:00.000,BTCUSDT,6.265e-05,76343.80000000,Regular
2026-05-25 00:00:00.001,BTCUSDT,6.549e-05,77023.70000000,Regular
2026-05-25 08:00:00.001,BTCUSDT,3.527e-05,77376.90000000,Regular
2026-05-25 16:00:00.001,BTCUSDT,1.426e-05,77587.30000000,Regular
2026-05-26 00:00:00.000,BTCUSDT,8.058e-05,77281.70516492,Regular
2026-05-26 08:00:00.003,BTCUSDT,3.852e-05,76689.53406667,Regular
2026-05-26 16:00:00.000,BTCUSDT,5.776e-05,76484.29476812,Regular
2026-05-27 00:00:00.000,BTCUSDT,0.0001,75901.40326957,Regular
2026-05-27 08:00:00.004,BTCUSDT,8.948e-05,75940.84006522,Regular
2026-05-27 16:00:00.009,BTCUSDT,9.914e-05,75300.00000000,Regular
2026-05-28 00:00:00.001,BTCUSDT,0.0001,74418.00000000,Regular
2026-05-28 08:00:00.000,BTCUSDT,5.011e-05,73467.37135507,Regular
2026-05-28 16:00:00.001,BTCUSDT,0.0001,72906.82058696,Regular
2026-05-29 00:00:00.000,BTCUSDT,0.0001,73591.40000000,Regular
2026-05-29 08:00:00.001,BTCUSDT,5.391e-05,73488.10000000,Regular
2026-05-29 16:00:00.008,BTCUSDT,6.702e-05,73779.04363768,Regular
2026-05-30 00:00:00.000,BTCUSDT,3.464e-05,73428.20000000,Regular
2026-05-30 08:00:00.001,BTCUSDT,4.732e-05,73516.24445833,Regular
2026-05-30 16:00:00.000,BTCUSDT,6.214e-05,73892.79565217,Regular
2026-05-31 00:00:00.000,BTCUSDT,4.432e-05,73856.90000000,Regular
2026-05-31 08:00:00.000,BTCUSDT,5.663e-05,73833.30000000,Regular
2026-05-31 16:00:00.004,BTCUSDT,5.988e-05,73613.40000000,Regular
2026-06-01 00:00:00.001,BTCUSDT,5.703e-05,73653.56663043,Regular
2026-06-01 08:00:00.001,BTCUSDT,4.438e-05,72779.00564493,Regular
2026-06-01 16:00:00.000,BTCUSDT,0.0001,71103.48761594,Regular
2026-06-02 00:00:00.000,BTCUSDT,0.0001,71391.50000000,Regular
2026-06-02 08:00:00.000,BTCUSDT,5.99e-05,70082.59501449,Regular
2026-06-02 16:00:00.000,BTCUSDT,8.345e-05,67276.04778261,Regular
2026-06-03 00:00:00.013,BTCUSDT,7.165e-05,66731.44419565,Regular
2026-06-03 08:00:00.000,BTCUSDT,5.229e-05,67191.49618116,Regular
2026-06-03 16:00:00.001,BTCUSDT,0.0001,66044.30010870,Regular
2026-06-04 00:00:00.009,BTCUSDT,2.705e-05,64117.60000000,Regular
2026-06-04 08:00:00.000,BTCUSDT,1.519e-05,63569.71469565,Regular
2026-06-04 16:00:00.003,BTCUSDT,-1.077e-05,63866.27556222,Regular
2026-06-05 00:00:00.000,BTCUSDT,1.315e-05,63855.88516492,Regular
2026-06-05 08:00:00.004,BTCUSDT,-1.431e-05,63081.00000000,Regular
2026-06-05 16:00:00.009,BTCUSDT,-8.63e-06,60416.49210870,Regular
2026-06-06 00:00:00.000,BTCUSDT,-1.234e-05,61029.56998551,Regular
2026-06-06 08:00:00.000,BTCUSDT,2.675e-05,60975.10000000,Regular
2026-06-06 16:00:00.000,BTCUSDT,-5.11e-06,60754.10000000,Regular
2026-06-07 00:00:00.001,BTCUSDT,-2.828e-05,60851.77008696,Regular
2026-06-07 08:00:00.000,BTCUSDT,4.07e-06,62368.05861594,Regular
2026-06-07 16:00:00.000,BTCUSDT,2.742e-05,62071.60000000,Regular
2026-06-08 00:00:00.000,BTCUSDT,3.533e-05,63302.74223188,Regular
2026-06-08 08:00:00.005,BTCUSDT,3.454e-05,63259.90000000,Regular
2026-06-08 16:00:00.004,BTCUSDT,1.22e-06,63745.30000000,Regular
2026-06-09 00:00:00.000,BTCUSDT,-1.565e-05,63058.00000000,Regular
2026-06-09 08:00:00.000,BTCUSDT,3.041e-05,63170.80000000,Regular
2026-06-09 16:00:00.001,BTCUSDT,6.06e-06,61113.79051449,Regular
2026-06-10 00:00:00.001,BTCUSDT,3.65e-06,61695.29221739,Regular
2026-06-10 08:00:00.011,BTCUSDT,-3.385e-05,61655.56078986,Regular
2026-06-10 16:00:00.009,BTCUSDT,2.542e-05,62604.70000000,Regular
2026-06-11 00:00:00.000,BTCUSDT,-8.11e-06,61485.41680435,Regular
2026-06-11 08:00:00.004,BTCUSDT,2.525e-05,62694.44563768,Regular
2026-06-11 16:00:00.000,BTCUSDT,2.736e-05,62721.20000000,Regular
2026-06-12 00:00:00.000,BTCUSDT,-1.303e-05,63598.00000000,Regular
2026-06-12 08:00:00.000,BTCUSDT,2.446e-05,63066.40000000,Regular
2026-06-12 16:00:00.000,BTCUSDT,8.4e-06,63557.10000000,Regular
2026-06-13 00:00:00.000,BTCUSDT,5.357e-05,63546.90000000,Regular
2026-06-13 08:00:00.007,BTCUSDT,6e-07,63823.90000000,Regular
2026-06-13 16:00:00.002,BTCUSDT,9.38e-06,64265.10000000,Regular
2026-06-14 00:00:00.005,BTCUSDT,-4.51e-05,64418.20000000,Regular
2026-06-14 08:00:00.009,BTCUSDT,-4.657e-05,64392.71210645,Regular
2026-06-14 16:00:00.000,BTCUSDT,-3.265e-05,63995.20000000,Regular
2026-06-15 00:00:00.013,BTCUSDT,2.808e-05,65709.80000000,Regular
2026-06-15 08:00:00.013,BTCUSDT,6.21e-06,65642.40000000,Regular
2026-06-15 16:00:00.004,BTCUSDT,-6.079e-05,67247.20644203,Regular
2026-06-16 00:00:00.000,BTCUSDT,-4.28e-06,66286.20815942,Regular
2026-06-16 08:00:00.000,BTCUSDT,-1.11e-05,66341.80000000,Regular
2026-06-16 16:00:00.001,BTCUSDT,2.46e-06,65841.90000000,Regular
2026-06-17 00:00:00.012,BTCUSDT,1.957e-05,65645.03212144,Regular
2026-06-17 08:00:00.000,BTCUSDT,-6.685e-05,65507.05555797,Regular
2026-06-17 16:00:00.000,BTCUSDT,-2.582e-05,65714.69323913,Regular
2026-06-18 00:00:00.002,BTCUSDT,2.636e-05,64476.94080435,Regular
2026-06-18 08:00:00.000,BTCUSDT,1.896e-05,64472.45533333,Regular
2026-06-18 16:00:00.001,BTCUSDT,8.72e-06,62339.40000000,Regular
2026-06-19 00:00:00.005,BTCUSDT,6.039e-05,62924.10000000,Regular
2026-06-19 08:00:00.001,BTCUSDT,1.984e-05,62593.69056522,Regular
2026-06-19 16:00:00.001,BTCUSDT,2.823e-05,63193.00000000,Regular
2026-06-20 00:00:00.001,BTCUSDT,5.814e-05,63512.60000000,Regular
2026-06-20 08:00:00.000,BTCUSDT,2.633e-05,63624.90000000,Regular
2026-06-20 16:00:00.001,BTCUSDT,3.985e-05,64129.20000000,Regular
2026-06-21 00:00:00.000,BTCUSDT,7.78e-06,64275.97479710,Regular
2026-06-21 08:00:00.000,BTCUSDT,3.034e-05,64171.31875000,Regular
2026-06-21 16:00:00.000,BTCUSDT,4.189e-05,64200.30000000,Regular
2026-06-22 00:00:00.000,BTCUSDT,6.572e-05,63287.10000000,Regular
2026-06-22 08:00:00.000,BTCUSDT,1.514e-05,64188.00000000,Regular
2026-06-22 16:00:00.002,BTCUSDT,4.813e-05,64808.00000000,Regular
2026-06-23 00:00:00.003,BTCUSDT,4.041e-05,63990.41186957,Regular
2026-06-23 08:00:00.005,BTCUSDT,1.655e-05,62849.20000000,Regular
2026-06-23 16:00:00.002,BTCUSDT,-1.889e-05,62457.30000000,Regular
2026-06-24 00:00:00.005,BTCUSDT,2.154e-05,62696.80000000,Regular
2026-06-24 08:00:00.005,BTCUSDT,2.134e-05,62630.10000000,Regular
2026-06-24 16:00:00.003,BTCUSDT,2.7e-07,60256.30000000,Regular
2026-06-25 00:00:00.000,BTCUSDT,-1.423e-05,61051.20000000,Regular
2026-06-25 08:00:00.000,BTCUSDT,-1.803e-05,61886.70000000,Regular
2026-06-25 16:00:00.000,BTCUSDT,1.58e-05,59532.80000000,Regular
2026-06-26 00:00:00.010,BTCUSDT,5.298e-05,59769.90000000,Regular
2026-06-26 08:00:00.002,BTCUSDT,5.904e-05,60501.93606522,Regular
2026-06-26 16:00:00.000,BTCUSDT,7.308e-05,60300.50000000,Regular
2026-06-27 00:00:00.000,BTCUSDT,5.255e-05,60072.00000000,Regular
2026-06-27 08:00:00.000,BTCUSDT,4.284e-05,60521.80000000,Regular
2026-06-27 16:00:00.009,BTCUSDT,3.742e-05,60817.30000000,Regular
2026-06-28 00:00:00.000,BTCUSDT,4.258e-05,60000.40000000,Regular
2026-06-28 08:00:00.013,BTCUSDT,1.355e-05,60192.50000000,Regular
2026-06-28 16:00:00.000,BTCUSDT,4.43e-05,59854.54542754,Regular
2026-06-29 00:00:00.006,BTCUSDT,3.112e-05,59550.30000000,Regular
2026-06-29 08:00:00.013,BTCUSDT,7.444e-05,60001.22944928,Regular
2026-06-29 16:00:00.004,BTCUSDT,8.658e-05,59800.20000000,Regular
2026-06-30 00:00:00.000,BTCUSDT,6.175e-05,60229.35621014,Regular
2026-06-30 08:00:00.000,BTCUSDT,8.349e-05,59498.43484058,Regular
2026-06-30 16:00:00.005,BTCUSDT,3.327e-05,58356.63620290,Regular
2026-07-01 00:00:00.000,BTCUSDT,5.532e-05,58605.50000000,Regular
2026-07-01 08:00:00.000,BTCUSDT,1.853e-05,58744.40000000,Regular
2026-07-01 16:00:00.000,BTCUSDT,7.073e-05,60120.69034783,Regular
2026-07-02 00:00:00.000,BTCUSDT,8.001e-05,59999.60000000,Regular
2026-07-02 08:00:00.000,BTCUSDT,5.238e-05,60126.10000000,Regular
2026-07-02 16:00:00.000,BTCUSDT,5.261e-05,61583.70000000,Regular
2026-07-03 00:00:00.000,BTCUSDT,0.0001,61540.74072464,Regular
2026-07-03 08:00:00.007,BTCUSDT,0.0001,61733.60000000,Regular
2026-07-03 16:00:00.000,BTCUSDT,3.74e-05,61895.70140580,Regular
2026-07-04 00:00:00.000,BTCUSDT,0.0001,62570.25216667,Regular
2026-07-04 08:00:00.000,BTCUSDT,0.0001,62549.30000000,Regular
2026-07-04 16:00:00.007,BTCUSDT,9.48e-05,62914.35025362,Regular
2026-07-05 00:00:00.003,BTCUSDT,9.533e-05,63114.80000000,Regular
2026-07-05 08:00:00.001,BTCUSDT,8.873e-05,62997.87521014,Regular
2026-07-05 16:00:00.000,BTCUSDT,8.608e-05,62712.00000000,Regular
2026-07-06 00:00:00.000,BTCUSDT,7.7e-05,63625.51176812,Regular
2026-07-06 08:00:00.000,BTCUSDT,6.12e-05,63064.50000000,Regular
2026-07-06 16:00:00.000,BTCUSDT,0.0001,63523.10000000,Regular
2026-07-07 00:00:00.000,BTCUSDT,0.0001,64023.50000000,Regular
2026-07-07 08:00:00.000,BTCUSDT,5.792e-05,63062.70000000,Regular
2026-07-07 16:00:00.000,BTCUSDT,6.825e-05,63909.90000000,Regular
2026-07-08 00:00:00.000,BTCUSDT,4.846e-05,63331.20000000,Regular
2026-07-08 08:00:00.000,BTCUSDT,7.24e-06,62857.18618116,Regular
2026-07-08 16:00:00.000,BTCUSDT,7.171e-05,61683.73416792,Regular
2026-07-09 00:00:00.000,BTCUSDT,6.16e-05,62257.50000000,Regular
2026-07-09 08:00:00.001,BTCUSDT,6.615e-05,62973.70000000,Regular
2026-07-09 16:00:00.001,BTCUSDT,4.912e-05,62837.77481884,Regular
2026-07-10 00:00:00.000,BTCUSDT,9.058e-05,63197.36055797,Regular
2026-07-10 08:00:00.005,BTCUSDT,7.247e-05,63956.10000000,Regular
2026-07-10 16:00:00.005,BTCUSDT,9.508e-05,64023.10000000,Regular
2026-07-11 00:00:00.000,BTCUSDT,0.0001,64129.40000000,Regular
2026-07-11 08:00:00.000,BTCUSDT,9.42e-06,64132.60000000,Regular
2026-07-11 16:00:00.000,BTCUSDT,4.156e-05,64142.50822464,Regular
2026-07-12 00:00:00.000,BTCUSDT,4.651e-05,63787.76113043,Regular
2026-07-12 08:00:00.003,BTCUSDT,6.315e-05,63856.50000000,Regular
2026-07-12 16:00:00.000,BTCUSDT,7.578e-05,64150.28418841,Regular
2026-07-13 00:00:00.000,BTCUSDT,1.521e-05,63750.00000000,Regular
2026-07-13 08:00:00.001,BTCUSDT,4.856e-05,62952.80000000,Regular
2026-07-13 16:00:00.004,BTCUSDT,0.0001,62603.79932609,Regular
2026-07-14 00:00:00.000,BTCUSDT,8.256e-05,62307.00000000,Regular
2026-07-14 08:00:00.002,BTCUSDT,3.489e-05,62529.70000000,Regular
2026-07-14 16:00:00.001,BTCUSDT,5.59e-05,64727.50000000,Regular
2026-07-15 00:00:00.005,BTCUSDT,0.0001,65017.64591304,Regular
2026-07-15 08:00:00.002,BTCUSDT,0.0001,64530.40087681,Regular
2026-07-15 16:00:00.000,BTCUSDT,4.457e-05,65392.88324638,Regular
2026-07-16 00:00:00.000,BTCUSDT,2.426e-05,64722.22011994,Regular
2026-07-16 08:00:00.003,BTCUSDT,7.584e-05,64204.49819340,Regular
2026-07-16 16:00:00.002,BTCUSDT,6.102e-05,64677.70000000,Regular
2026-07-17 00:00:00.000,BTCUSDT,7.639e-05,63803.90949275,Regular
2026-07-17 08:00:00.010,BTCUSDT,1.52e-05,62792.80000000,Regular
2026-07-17 16:00:00.004,BTCUSDT,6.045e-05,63432.50000000,Regular
2026-07-18 00:00:00.000,BTCUSDT,3.074e-05,63910.00000000,Regular
2026-07-18 08:00:00.000,BTCUSDT,6.955e-05,63987.03769565,Regular
2026-07-18 16:00:00.001,BTCUSDT,3.326e-05,64090.00000000,Regular
2026-07-19 00:00:00.003,BTCUSDT,4.06e-06,64806.70000000,Regular
2026-07-19 08:00:00.000,BTCUSDT,6.905e-05,64692.20000000,Regular
2026-07-19 16:00:00.001,BTCUSDT,5.235e-05,64552.28368841,Regular
2026-07-20 00:00:00.000,BTCUSDT,4.89e-05,64694.80000000,Regular
2026-07-20 08:00:00.001,BTCUSDT,5.278e-05,64250.00000000,Regular
2026-07-20 16:00:00.004,BTCUSDT,6.518e-05,65573.71997826,Regular
2026-07-21 00:00:00.001,BTCUSDT,5.4e-05,65227.17129710,Regular
2026-07-21 08:00:00.000,BTCUSDT,8.926e-05,66168.77917391,Regular
2026-07-21 16:00:00.002,BTCUSDT,1.894e-05,66648.50000000,Regular
2026-07-22 00:00:00.000,BTCUSDT,3.928e-05,66522.40000000,Regular
2026-07-22 08:00:00.000,BTCUSDT,5.448e-05,65813.40000000,Regular
2026-07-22 16:00:00.001,BTCUSDT,1.443e-05,66016.32605797,Regular
2026-07-23 00:00:00.000,BTCUSDT,-3.43e-06,66084.47942754,Regular
2026-07-23 08:00:00.000,BTCUSDT,2.71e-06,65405.48600725,Regular
2026-07-23 16:00:00.000,BTCUSDT,8.458e-05,64940.40000000,Regular
2026-07-24 00:00:00.000,BTCUSDT,7.598e-05,65069.66000000,Regular
2026-07-24 08:00:00.000,BTCUSDT,5.149e-05,65470.00000000,Regular
2026-07-24 16:00:00.008,BTCUSDT,5.879e-05,64068.70000000,Regular
2026-07-25 00:00:00.002,BTCUSDT,6.074e-05,64116.50000000,Regular
2026-07-25 08:00:00.000,BTCUSDT,5.425e-05,63973.15203623,Regular
2026-07-25 16:00:00.000,BTCUSDT,7.29e-06,64150.04885307,Regular
2026-07-26 00:00:00.000,BTCUSDT,3.878e-05,64343.23160870,Regular
2026-07-26 08:00:00.002,BTCUSDT,5.884e-05,64342.45993478,Regular
2026-07-26 16:00:00.000,BTCUSDT,5.819e-05,64733.60000000,Regular
2026-07-27 00:00:00.010,BTCUSDT,6.147e-05,65375.10000000,Regular
2026-07-27 08:00:00.000,BTCUSDT,6.452e-05,65196.20985507,Regular
2026-07-27 16:00:00.001,BTCUSDT,5.04e-05,64519.25484058,Regular
2026-07-28 00:00:00.000,BTCUSDT,4.208e-05,63721.92718141,Regular
2026-07-28 08:00:00.000,BTCUSDT,1.25e-06,63476.80000000,Regular
2026-07-28 16:00:00.000,BTCUSDT,6.689e-05,63903.52981159,Regular
2026-07-29 00:00:00.000,BTCUSDT,0.0001,63903.60000000,Regular
2026-07-29 08:00:00.002,BTCUSDT,0.0001,64534.35597101,Regular
2026-07-29 16:00:00.000,BTCUSDT,3.665e-05,63950.19280435,Regular
2026-07-30 00:00:00.000,BTCUSDT,8.462e-05,63959.00000000,Regular
2026-07-30 08:00:00.000,BTCUSDT,7.278e-05,63984.18229710,Regular
2026-07-30 16:00:00.000,BTCUSDT,9.029e-05,64698.14499275,Regular
2026-07-31 00:00:00.003,BTCUSDT,0.0001,64750.50672464,Regular
2026-07-31 08:00:00.000,BTCUSDT,9.405e-05,63912.47940580,Regular
2026-07-31 16:00:00.000,BTCUSDT,5.664e-05,62696.71869565,Regular
2026-08-01 00:00:00.001,BTCUSDT,4.123e-05,62859.90000000,Regular
2026-08-01 08:00:00.000,BTCUSDT,3.163e-05,63019.60000000,Regular
2026-08-01 16:00:00.000,BTCUSDT,3.545e-05,62976.40000000,Regular
2026-08-02 00:00:00.000,BTCUSDT,4.53e-05,62792.30000000,Regular
2026-08-02 08:00:00.000,BTCUSDT,8.943e-05,63468.10000000,Regular
2026-08-02 16:00:00.000,BTCUSDT,7.707e-05,63081.60000000,Regular
2026-08-03 00:00:00.000,BTCUSDT,0.0001,63549.90000000,Regular
2026-08-03 08:00:00.000,BTCUSDT,6.364e-05,62591.00000000,Regular
2026-08-03 16:00:00.000,BTCUSDT,2.474e-05,63664.89705072,Regular
2026-08-04 00:00:00.004,BTCUSDT,3.081e-05,63497.20000000,Regular
2026-08-04 08:00:00.002,BTCUSDT,6.248e-05,63666.40000000,Regular
2026-08-04 16:00:00.000,BTCUSDT,7.684e-05,64093.54490580,Regular
2026-08-05 00:00:00.003,BTCUSDT,1.674e-05,64075.50000000,Regular
2026-08-05 08:00:00.004,BTCUSDT,1.015e-05,64141.00000000,Regular
2026-08-05 16:00:00.000,BTCUSDT,2.676e-05,64353.50000000,Regular
2026-08-06 00:00:00.002,BTCUSDT,6.595e-05,64633.90000000,Regular
2026-08-06 08:00:00.000,BTCUSDT,2.632e-05,64789.40000000,Regular
2026-08-06 16:00:00.000,BTCUSDT,5.939e-05,64604.20000000,Regular
2026-08-07 00:00:00.000,BTCUSDT,7.99e-06,64300.00000000,Regular
2026-08-07 08:00:00.000,BTCUSDT,4.574e-05,64290.58485507,Regular
2026-08-07 16:00:00.000,BTCUSDT,6.308e-05,64885.50000000,Regular
2026-08-08 00:00:00.001,BTCUSDT,5.557e-05,64885.44786232,Regular
2026-08-08 08:00:00.000,BTCUSDT,5.417e-05,64936.30000000,Regular
2026-08-08 16:00:00.002,BTCUSDT,5.801e-05,65049.72578986,Regular
2026-08-09 00:00:00.000,BTCUSDT,4.423e-05,64928.89433333,Regular
2026-08-09 08:00:00.005,BTCUSDT,6.667e-05,64793.70000000,Regular
2026-08-09 16:00:00.000,BTCUSDT,7.054e-05,65207.70000000,Regular
2026-08-10 00:00:00.001,BTCUSDT,7.497e-05,64869.50227536,Regular
2026-08-10 08:00:00.005,BTCUSDT,7.908e-05,65183.48407971,Regular
2026-08-10 16:00:00.000,BTCUSDT,5.057e-05,64272.42528261,Regular
2026-08-11 00:00:00.000,BTCUSDT,2.301e-05,63939.20000000,Regular
2026-08-11 08:00:00.006,BTCUSDT,1.962e-05,64033.28871739,Regular
2026-08-11 16:00:00.000,BTCUSDT,8.282e-05,63585.55679710,Regular
2026-08-12 00:00:00.001,BTCUSDT,0.0001,63572.00000000,Regular
2026-08-12 08:00:00.000,BTCUSDT,8.568e-05,63810.89568841,Regular
2026-08-12 16:00:00.000,BTCUSDT,6.601e-05,63422.43823913,Regular
2026-08-13 00:00:00.000,BTCUSDT,6.576e-05,63454.70000000,Regular
2026-08-13 08:00:00.000,BTCUSDT,7.218e-05,63833.46161594,Regular
2026-08-13 16:00:00.000,BTCUSDT,7.841e-05,63387.03971514,Regular
2026-08-14 00:00:00.000,BTCUSDT,8.545e-05,63455.99486957,Regular
2026-08-14 08:00:00.001,BTCUSDT,5.999e-05,62888.10000000,Regular
2026-08-14 16:00:00.001,BTCUSDT,6.29e-06,62961.99943478,Regular
2026-08-15 00:00:00.003,BTCUSDT,6.801e-05,63015.07685507,Regular
2026-08-15 08:00:00.002,BTCUSDT,6.523e-05,63050.01692754,Regular
2026-08-15 16:00:00.000,BTCUSDT,5.311e-05,63068.06537681,Regular
2026-08-16 00:00:00.000,BTCUSDT,9.66e-06,63053.96633333,Regular
2026-08-16 08:00:00.002,BTCUSDT,1.839e-05,63034.83995833,Regular
2026-08-16 16:00:00.000,BTCUSDT,5e-05,63114.26984783,Regular
2026-08-17 00:00:00.001,BTCUSDT,3.818e-05,62876.00000000,Regular
2026-08-17 08:00:00.003,BTCUSDT,7.131e-05,63495.97863568,Regular
2026-08-17 16:00:00.005,BTCUSDT,9.202e-05,64169.80000000,Regular
2026-08-18 00:00:00.006,BTCUSDT,5.164e-05,64504.10000000,Regular
2026-08-18 08:00:00.001,BTCUSDT,5.02e-05,64171.00199275,Regular
2026-08-18 16:00:00.003,BTCUSDT,3.65e-05,64823.80000000,Regular
2026-08-19 00:00:00.000,BTCUSDT,1.617e-05,64694.00000000,Regular
2026-08-19 08:00:00.000,BTCUSDT,3.815e-05,64267.18334783,Regular
2026-08-19 16:00:00.004,BTCUSDT,0.0001,68544.29486232,Regular
2026-08-20 00:00:00.001,BTCUSDT,9.655e-05,69320.78060870,Regular
2026-08-20 08:00:00.000,BTCUSDT,0.0001,69820.24279610,Regular
2026-08-20 16:00:00.005,BTCUSDT,9.422e-05,72432.47980435,Regular
2026-08-21 00:00:00.004,BTCUSDT,4.964e-05,72998.70000000,Regular
2026-08-21 08:00:00.000,BTCUSDT,5.814e-05,76319.02847826,Regular
2026-08-21 16:00:00.001,BTCUSDT,0.0001,77221.90043478,Regular
2026-08-22 00:00:00.000,BTCUSDT,0.0001,78309.00000000,Regular
2026-08-22 08:00:00.000,BTCUSDT,0.0001,77286.70000000,Regular
2026-08-22 16:00:00.000,BTCUSDT,0.0001,76995.16521739,Regular
2026-08-23 00:00:00.000,BTCUSDT,0.0001,77084.01150675,Regular
2026-08-23 08:00:00.000,BTCUSDT,0.0001,76015.82505072,Regular
2026-08-23 16:00:00.006,BTCUSDT,0.0001,77128.59832084,Regular
2026-08-24 00:00:00.001,BTCUSDT,0.0001,77710.80000000,Regular
2026-08-24 08:00:00.002,BTCUSDT,0.0001,77292.21472264,Regular
2026-08-24 16:00:00.000,BTCUSDT,0.0001,79065.60000000,Regular
2026-08-25 00:00:00.001,BTCUSDT,5.818e-05,78953.00000000,Regular
2026-08-25 08:00:00.000,BTCUSDT,0.0001,79668.15473913,Regular
2026-08-25 16:00:00.005,BTCUSDT,0.0001,79464.07655072,Regular
2026-08-26 00:00:00.000,BTCUSDT,7.734e-05,78505.40000000,Regular
2026-08-26 08:00:00.005,BTCUSDT,5.927e-05,78888.36194203,Regular
2026-08-26 16:00:00.000,BTCUSDT,7.091e-05,77980.60000000,Regular
2026-08-27 00:00:00.000,BTCUSDT,4.595e-05,78994.90523913,Regular
2026-08-27 08:00:00.000,BTCUSDT,0.0001,79059.04402899,Regular
2026-08-27 16:00:00.013,BTCUSDT,6.331e-05,80273.60000000,Regular
2026-08-28 00:00:00.026,BTCUSDT,6.578e-05,80209.56009420,Regular
2026-08-28 08:00:00.000,BTCUSDT,0.0001,79645.60000000,Regular
2026-08-28 16:00:00.001,BTCUSDT,5.913e-05,78308.90000000,Regular
2026-08-29 00:00:00.000,BTCUSDT,0.0001,77806.12043478,Regular
2026-08-29 08:00:00.000,BTCUSDT,0.0001,77597.93110145,Regular
2026-08-29 16:00:00.002,BTCUSDT,0.0001,77826.43323913,Regular
2026-08-30 00:00:00.000,BTCUSDT,8.283e-05,78201.64952174,Regular
2026-08-30 08:00:00.000,BTCUSDT,0.0001,78081.33333333,Regular
2026-08-30 16:00:00.001,BTCUSDT,7.058e-05,78791.20000000,Regular
2026-08-31 00:00:00.002,BTCUSDT,7.271e-05,77646.74759420,Regular
2026-08-31 08:00:00.002,BTCUSDT,0.0001,78168.28305797,Regular
2026-08-31 16:00:00.001,BTCUSDT,0.0001,78544.30412319,Regular
2026-09-01 00:00:00.005,BTCUSDT,8.482e-05,78549.60000000,Regular
2026-09-01 08:00:00.000,BTCUSDT,0.0001,78600.20000000,Regular
2026-09-01 16:00:00.000,BTCUSDT,3.844e-05,77881.57400725,Regular
2026-09-02 00:00:00.000,BTCUSDT,7.995e-05,77403.12535507,Regular
2026-09-02 08:00:00.001,BTCUSDT,7.998e-05,77444.80000000,Regular
2026-09-02 16:00:00.005,BTCUSDT,3.819e-05,77250.98157246,Regular
2026-09-03 00:00:00.000,BTCUSDT,7.287e-05,77301.45594203,Regular
2026-09-03 08:00:00.000,BTCUSDT,5.866e-05,77622.37865217,Regular
2026-09-03 16:00:00.000,BTCUSDT,8.893e-05,81316.70000000,Regular
2026-09-04 00:00:00.000,BTCUSDT,8.558e-05,81234.45807246,Regular
2026-09-04 08:00:00.000,BTCUSDT,6.498e-05,80628.00000000,Regular
2026-09-04 16:00:00.009,BTCUSDT,4.455e-05,79385.72840330,Regular
2026-09-05 00:00:00.000,BTCUSDT,1.014e-05,79616.14968116,Regular
2026-09-05 08:00:00.000,BTCUSDT,-1.5e-06,79673.05430435,Regular
2026-09-05 16:00:00.001,BTCUSDT,1.923e-05,79762.59457971,Regular
2026-09-06 00:00:00.000,BTCUSDT,3.589e-05,79797.70000000,Regular
2026-09-06 08:00:00.000,BTCUSDT,2.295e-05,79772.53402174,Regular
